time,nri_event,nri_nonevent,nri_total,percentile,random_state,model
34.45,0.0,0.0903954802259887,0.0903954802259887,25,1,random_forest
46.95,0.0,0.1512605042016806,0.1512605042016806,50,1,random_forest
59.4,0.0,0.15,0.15,75,1,random_forest
34.45,0.0,0.4745762711864407,0.4745762711864407,25,1,LASSO
46.95,0.0,0.680672268907563,0.680672268907563,50,1,LASSO
59.4,0.0,0.6666666666666666,0.6666666666666666,75,1,LASSO
34.45,0.0,0.0,0.0,25,1,RIDGE
46.95,0.0,0.0,0.0,50,1,RIDGE
59.4,0.0,0.0,0.0,75,1,RIDGE
34.45,0.0,0.4858757062146893,0.4858757062146893,25,1,ELASTIC_NET
46.95,0.5,0.680672268907563,1.180672268907563,50,1,ELASTIC_NET
59.4,0.0,0.6833333333333333,0.6833333333333333,75,1,ELASTIC_NET
34.45,0.1666666666666666,-0.1085714285714285,0.058095238095238,25,2,random_forest
45.3,0.0,-0.0737704918032786,-0.0737704918032786,50,2,random_forest
59.25,0.0,-0.05,-0.05,75,2,random_forest
34.45,0.1666666666666666,0.0,0.1666666666666666,25,2,LASSO
45.3,0.0,0.1147540983606557,0.1147540983606557,50,2,LASSO
59.25,0.0,0.1833333333333333,0.1833333333333333,75,2,LASSO
34.45,0.0,0.0,0.0,25,2,RIDGE
45.3,0.0,0.0,0.0,50,2,RIDGE
59.25,0.0,0.0,0.0,75,2,RIDGE
34.45,-0.1666666666666666,0.0857142857142857,-0.0809523809523809,25,2,ELASTIC_NET
45.3,0.0,0.1639344262295081,0.1639344262295081,50,2,ELASTIC_NET
59.25,0.0,0.2833333333333333,0.2833333333333333,75,2,ELASTIC_NET
34.4,0.0,0.0279329608938547,0.0279329608938547,25,3,random_forest
45.8,0.0,0.0083333333333333,0.0083333333333333,50,3,random_forest
59.25,0.0,0.0,0.0,75,3,random_forest
34.4,0.25,0.1452513966480447,0.3952513966480447,25,3,LASSO
45.8,0.0,0.45,0.45,50,3,LASSO
59.25,0.0,0.45,0.45,75,3,LASSO
34.4,0.0,0.0,0.0,25,3,RIDGE
45.8,0.0,0.0,0.0,50,3,RIDGE
59.25,0.0,0.0,0.0,75,3,RIDGE
34.4,0.25,0.4134078212290503,0.6634078212290503,25,3,ELASTIC_NET
45.8,0.0,0.4333333333333333,0.4333333333333333,50,3,ELASTIC_NET
59.25,0.0,0.3666666666666666,0.3666666666666666,75,3,ELASTIC_NET
34.4,-0.2,-0.1468926553672316,-0.3468926553672317,25,4,random_forest
44.4,,-0.1951219512195122,,50,4,random_forest
58.175,,-0.1311475409836065,,75,4,random_forest
34.4,-0.4,0.6892655367231638,0.2892655367231638,25,4,LASSO
44.4,,0.6341463414634146,,50,4,LASSO
58.175,,0.7213114754098361,,75,4,LASSO
34.4,0.0,0.0,0.0,25,4,RIDGE
44.4,,0.0,,50,4,RIDGE
58.175,,0.0,,75,4,RIDGE
34.4,-0.4,0.6440677966101694,0.2440677966101694,25,4,ELASTIC_NET
44.4,,0.1300813008130081,,50,4,ELASTIC_NET
58.175,,0.180327868852459,,75,4,ELASTIC_NET
35.05,0.0,0.1988636363636363,0.1988636363636363,25,5,random_forest
45.8,0.0,0.0413223140495867,0.0413223140495867,50,5,random_forest
58.5,0.0,0.1,0.1,75,5,random_forest
35.05,0.0,0.4545454545454545,0.4545454545454545,25,5,LASSO
45.8,0.0,0.7272727272727273,0.7272727272727273,50,5,LASSO
58.5,0.0,0.55,0.55,75,5,LASSO
35.05,0.0,0.0,0.0,25,5,RIDGE
45.8,0.0,0.0,0.0,50,5,RIDGE
58.5,0.0,0.0,0.0,75,5,RIDGE
35.05,0.0,-0.0454545454545454,-0.0454545454545454,25,5,ELASTIC_NET
45.8,0.0,0.0743801652892562,0.0743801652892562,50,5,ELASTIC_NET
58.5,0.0,0.05,0.05,75,5,ELASTIC_NET
34.625,0.2,-0.0909090909090909,0.1090909090909091,25,6,random_forest
45.2,,0.0578512396694214,,50,6,random_forest
58.975,,0.0327868852459016,,75,6,random_forest
34.625,0.2,-0.5056818181818182,-0.3056818181818182,25,6,LASSO
45.2,,0.0,,50,6,LASSO
58.975,,0.0,,75,6,LASSO
34.625,0.0,0.0,0.0,25,6,RIDGE
45.2,,0.0,,50,6,RIDGE
58.975,,0.0,,75,6,RIDGE
34.625,0.2,-0.5056818181818182,-0.3056818181818182,25,6,ELASTIC_NET
45.2,,0.0,,50,6,ELASTIC_NET
58.975,,0.0,,75,6,ELASTIC_NET
34.675,0.25,0.1129943502824858,0.3629943502824859,25,7,random_forest
45.2,0.0,0.0916666666666666,0.0916666666666666,50,7,random_forest
59.075,,0.0655737704918032,,75,7,random_forest
34.675,0.0,0.1864406779661017,0.1864406779661017,25,7,LASSO
45.2,0.0,0.675,0.675,50,7,LASSO
59.075,,0.6229508196721312,,75,7,LASSO
34.675,0.0,0.0,0.0,25,7,RIDGE
45.2,0.0,0.0,0.0,50,7,RIDGE
59.075,,0.0,,75,7,RIDGE
34.675,-0.25,0.615819209039548,0.365819209039548,25,7,ELASTIC_NET
45.2,0.0,0.6666666666666666,0.6666666666666666,50,7,ELASTIC_NET
59.075,,0.6229508196721312,,75,7,ELASTIC_NET
34.6,0.0,-0.0055865921787709,-0.0055865921787709,25,8,random_forest
45.3,0.0,0.040650406504065,0.040650406504065,50,8,random_forest
59.1,0.0,0.0491803278688524,0.0491803278688524,75,8,random_forest
34.6,0.25,0.6368715083798883,0.8868715083798883,25,8,LASSO
45.3,0.0,0.6260162601626016,0.6260162601626016,50,8,LASSO
59.1,0.0,0.6065573770491803,0.6065573770491803,75,8,LASSO
34.6,0.0,0.0,0.0,25,8,RIDGE
45.3,0.0,0.0,0.0,50,8,RIDGE
59.1,0.0,0.0,0.0,75,8,RIDGE
34.6,0.0,0.4748603351955307,0.4748603351955307,25,8,ELASTIC_NET
45.3,0.0,0.4471544715447154,0.4471544715447154,50,8,ELASTIC_NET
59.1,0.0,0.3934426229508196,0.3934426229508196,75,8,ELASTIC_NET
34.625,0.1666666666666666,0.0742857142857142,0.2409523809523809,25,9,random_forest
45.3,0.0,0.040983606557377,0.040983606557377,50,9,random_forest
57.4,,-0.0161290322580645,,75,9,random_forest
34.625,-0.1666666666666666,0.6457142857142857,0.479047619047619,25,9,LASSO
45.3,0.0,0.6311475409836066,0.6311475409836066,50,9,LASSO
57.4,,0.0,,75,9,LASSO
34.625,0.0,0.0,0.0,25,9,RIDGE
45.3,0.0,0.0,0.0,50,9,RIDGE
57.4,,0.0,,75,9,RIDGE
34.625,0.0,0.0,0.0,25,9,ELASTIC_NET
45.3,0.0,0.0,0.0,50,9,ELASTIC_NET
57.4,,0.0,,75,9,ELASTIC_NET
34.6,0.1666666666666666,0.1079545454545454,0.2746212121212121,25,10,random_forest
43.25,0.0,0.134453781512605,0.134453781512605,50,10,random_forest
55.675,0.0,0.1,0.1,75,10,random_forest
34.6,-0.1666666666666666,0.5909090909090909,0.4242424242424243,25,10,LASSO
43.25,0.0,0.5546218487394958,0.5546218487394958,50,10,LASSO
55.675,0.0,0.1,0.1,75,10,LASSO
34.6,0.0,0.0,0.0,25,10,RIDGE
43.25,0.0,0.0,0.0,50,10,RIDGE
55.675,0.0,0.0,0.0,75,10,RIDGE
34.6,0.1666666666666666,0.5909090909090909,0.7575757575757576,25,10,ELASTIC_NET
43.25,0.0,0.5882352941176471,0.5882352941176471,50,10,ELASTIC_NET
55.675,0.0,0.5333333333333333,0.5333333333333333,75,10,ELASTIC_NET
34.6,0.1666666666666666,0.0625,0.2291666666666666,25,11,random_forest
45.6,0.0,-0.1,-0.1,50,11,random_forest
58.975,0.0,-0.1333333333333333,-0.1333333333333333,75,11,random_forest
34.6,0.1666666666666666,-0.0852272727272727,0.0814393939393939,25,11,LASSO
45.6,0.0,0.1,0.1,50,11,LASSO
58.975,0.0,0.15,0.15,75,11,LASSO
34.6,0.0,0.0,0.0,25,11,RIDGE
45.6,0.0,0.0,0.0,50,11,RIDGE
58.975,0.0,0.0,0.0,75,11,RIDGE
34.6,0.0,-0.1022727272727272,-0.1022727272727272,25,11,ELASTIC_NET
45.6,0.0,-0.4583333333333333,-0.4583333333333333,50,11,ELASTIC_NET
58.975,0.0,-0.4166666666666667,-0.4166666666666667,75,11,ELASTIC_NET
32.025,0.1111111111111111,-0.0232558139534883,0.0878552971576227,25,12,random_forest
45.35,0.0,0.0588235294117647,0.0588235294117647,50,12,random_forest
58.075,0.0,-0.05,-0.05,75,12,random_forest
32.025,0.2222222222222222,-0.1104651162790697,0.1117571059431524,25,12,LASSO
45.35,1.0,-0.1848739495798319,0.8151260504201681,50,12,LASSO
58.075,1.0,0.2666666666666666,1.2666666666666666,75,12,LASSO
32.025,0.0,0.0,0.0,25,12,RIDGE
45.35,0.0,0.0,0.0,50,12,RIDGE
58.075,0.0,0.0,0.0,75,12,RIDGE
32.025,0.2222222222222222,-0.1686046511627907,0.0536175710594315,25,12,ELASTIC_NET
45.35,0.5,0.2184873949579832,0.7184873949579832,50,12,ELASTIC_NET
58.075,0.0,-0.1666666666666666,-0.1666666666666666,75,12,ELASTIC_NET
34.675,0.2857142857142857,-0.1034482758620689,0.1822660098522167,25,13,random_forest
45.6,0.0,-0.042016806722689,-0.042016806722689,50,13,random_forest
59.075,0.0,-0.15,-0.15,75,13,random_forest
34.675,0.0,0.6494252873563219,0.6494252873563219,25,13,LASSO
45.6,0.0,0.6134453781512605,0.6134453781512605,50,13,LASSO
59.075,0.0,0.6333333333333333,0.6333333333333333,75,13,LASSO
34.675,0.0,0.0,0.0,25,13,RIDGE
45.6,0.0,0.0,0.0,50,13,RIDGE
59.075,0.0,0.0,0.0,75,13,RIDGE
34.675,0.0,0.6436781609195402,0.6436781609195402,25,13,ELASTIC_NET
45.6,0.0,0.6134453781512605,0.6134453781512605,50,13,ELASTIC_NET
59.075,0.0,0.6166666666666667,0.6166666666666667,75,13,ELASTIC_NET
34.4,0.1428571428571428,0.0,0.1428571428571428,25,14,random_forest
44.55,0.0,0.0168067226890756,0.0168067226890756,50,14,random_forest
56.975,0.0,-0.0166666666666666,-0.0166666666666666,75,14,random_forest
34.4,-0.1428571428571428,0.5852272727272727,0.4423701298701298,25,14,LASSO
44.55,0.0,0.5798319327731093,0.5798319327731093,50,14,LASSO
56.975,0.0,0.5,0.5,75,14,LASSO
34.4,0.0,0.0,0.0,25,14,RIDGE
44.55,0.0,0.0,0.0,50,14,RIDGE
56.975,0.0,0.0,0.0,75,14,RIDGE
34.4,-0.1428571428571428,0.5738636363636364,0.4310064935064935,25,14,ELASTIC_NET
44.55,0.0,0.5798319327731093,0.5798319327731093,50,14,ELASTIC_NET
56.975,0.0,0.5166666666666667,0.5166666666666667,75,14,ELASTIC_NET
34.45,0.4,0.125,0.525,25,15,random_forest
45.05,0.5,0.1680672268907563,0.6680672268907564,50,15,random_forest
57.775,0.0,0.1333333333333333,0.1333333333333333,75,15,random_forest
34.45,-0.2,0.5568181818181818,0.3568181818181817,25,15,LASSO
45.05,0.0,0.6218487394957983,0.6218487394957983,50,15,LASSO
57.775,0.0,0.5333333333333333,0.5333333333333333,75,15,LASSO
34.45,0.0,0.0,0.0,25,15,RIDGE
45.05,0.0,0.0,0.0,50,15,RIDGE
57.775,0.0,0.0,0.0,75,15,RIDGE
34.45,0.0,0.0,0.0,25,15,ELASTIC_NET
45.05,0.0,0.0,0.0,50,15,ELASTIC_NET
57.775,0.0,0.0,0.0,75,15,ELASTIC_NET
34.4,0.125,0.04,0.165,25,16,random_forest
45.2,0.0,-0.1083333333333333,-0.1083333333333333,50,16,random_forest
57.975,,-0.1639344262295081,,75,16,random_forest
34.4,0.25,-0.1485714285714285,0.1014285714285714,25,16,LASSO
45.2,1.0,0.0666666666666666,1.0666666666666669,50,16,LASSO
57.975,,0.5737704918032787,,75,16,LASSO
34.4,0.0,0.0,0.0,25,16,RIDGE
45.2,0.0,0.0,0.0,50,16,RIDGE
57.975,,0.0,,75,16,RIDGE
34.4,0.25,-0.16,0.09,25,16,ELASTIC_NET
45.2,0.0,0.575,0.575,50,16,ELASTIC_NET
57.975,,0.4754098360655737,,75,16,ELASTIC_NET
34.75,0.1666666666666666,-0.1828571428571428,-0.0161904761904762,25,17,random_forest
45.85,0.0,-0.1428571428571428,-0.1428571428571428,50,17,random_forest
59.25,0.0,-0.1,-0.1,75,17,random_forest
34.75,0.0,0.2057142857142857,0.2057142857142857,25,17,LASSO
45.85,0.0,0.1176470588235294,0.1176470588235294,50,17,LASSO
59.25,0.0,0.2833333333333333,0.2833333333333333,75,17,LASSO
34.75,0.0,0.0,0.0,25,17,RIDGE
45.85,0.0,0.0,0.0,50,17,RIDGE
59.25,0.0,0.0,0.0,75,17,RIDGE
34.75,0.0,0.1657142857142857,0.1657142857142857,25,17,ELASTIC_NET
45.85,0.0,0.4033613445378151,0.4033613445378151,50,17,ELASTIC_NET
59.25,0.0,0.4,0.4,75,17,ELASTIC_NET
34.4,0.0,0.0681818181818181,0.0681818181818181,25,18,random_forest
44.45,0.0,0.1008403361344537,0.1008403361344537,50,18,random_forest
55.275,0.0,0.1166666666666666,0.1166666666666666,75,18,random_forest
34.4,0.0,0.625,0.625,25,18,LASSO
44.45,0.0,0.5714285714285714,0.5714285714285714,50,18,LASSO
55.275,1.0,0.6,1.6,75,18,LASSO
34.4,0.0,0.0,0.0,25,18,RIDGE
44.45,0.0,0.0,0.0,50,18,RIDGE
55.275,0.0,0.0,0.0,75,18,RIDGE
34.4,0.0,0.6136363636363636,0.6136363636363636,25,18,ELASTIC_NET
44.45,0.0,0.5714285714285714,0.5714285714285714,50,18,ELASTIC_NET
55.275,0.0,0.5833333333333334,0.5833333333333334,75,18,ELASTIC_NET
32.6,0.1111111111111111,0.0290697674418604,0.1401808785529715,25,19,random_forest
44.4,0.0,0.0666666666666666,0.0666666666666666,50,19,random_forest
57.975,0.0,0.1,0.1,75,19,random_forest
32.6,0.3333333333333333,-0.1104651162790697,0.2228682170542635,25,19,LASSO
44.4,0.0,0.5666666666666667,0.5666666666666667,50,19,LASSO
57.975,1.0,0.5166666666666667,1.5166666666666666,75,19,LASSO
32.6,0.0,0.0,0.0,25,19,RIDGE
44.4,0.0,0.0,0.0,50,19,RIDGE
57.975,0.0,0.0,0.0,75,19,RIDGE
32.6,-0.2222222222222222,0.6337209302325582,0.4114987080103359,25,19,ELASTIC_NET
44.4,0.0,0.55,0.55,50,19,ELASTIC_NET
57.975,1.0,0.4833333333333333,1.4833333333333334,75,19,ELASTIC_NET
34.4,0.125,-0.1551724137931034,-0.0301724137931034,25,20,random_forest
44.95,0.0,-0.1833333333333333,-0.1833333333333333,50,20,random_forest
59.75,0.0,-0.1666666666666666,-0.1666666666666666,75,20,random_forest
34.4,0.25,-0.5,-0.25,25,20,LASSO
44.95,0.0,-0.0833333333333333,-0.0833333333333333,50,20,LASSO
59.75,0.0,-0.0166666666666666,-0.0166666666666666,75,20,LASSO
34.4,0.0,0.0,0.0,25,20,RIDGE
44.95,0.0,0.0,0.0,50,20,RIDGE
59.75,0.0,0.0,0.0,75,20,RIDGE
34.4,0.25,-0.5919540229885057,-0.3419540229885057,25,20,ELASTIC_NET
44.95,0.0,-0.2,-0.2,50,20,ELASTIC_NET
59.75,0.0,-0.2,-0.2,75,20,ELASTIC_NET
34.925,0.2857142857142857,0.0344827586206896,0.3201970443349753,25,21,random_forest
45.6,0.0,0.0,0.0,50,21,random_forest
58.075,0.0,-0.05,-0.05,75,21,random_forest
34.925,0.2857142857142857,-0.0114942528735632,0.2742200328407225,25,21,LASSO
45.6,0.0,-0.0168067226890756,-0.0168067226890756,50,21,LASSO
58.075,0.0,0.05,0.05,75,21,LASSO
34.925,0.0,0.0,0.0,25,21,RIDGE
45.6,0.0,0.0,0.0,50,21,RIDGE
58.075,0.0,0.0,0.0,75,21,RIDGE
34.925,0.2857142857142857,-0.0229885057471264,0.2627257799671593,25,21,ELASTIC_NET
45.6,0.0,0.0168067226890756,0.0168067226890756,50,21,ELASTIC_NET
58.075,0.0,0.1333333333333333,0.1333333333333333,75,21,ELASTIC_NET
34.4,0.1428571428571428,-0.0571428571428571,0.0857142857142857,25,22,random_forest
45.2,0.0,-0.1428571428571428,-0.1428571428571428,50,22,random_forest
59.075,0.0,-0.1166666666666666,-0.1166666666666666,75,22,random_forest
34.4,0.0,0.08,0.08,25,22,LASSO
45.2,0.0,0.3361344537815126,0.3361344537815126,50,22,LASSO
59.075,0.0,0.2833333333333333,0.2833333333333333,75,22,LASSO
34.4,0.0,0.0,0.0,25,22,RIDGE
45.2,0.0,0.0,0.0,50,22,RIDGE
59.075,0.0,0.0,0.0,75,22,RIDGE
34.4,0.0,0.1485714285714285,0.1485714285714285,25,22,ELASTIC_NET
45.2,0.0,0.361344537815126,0.361344537815126,50,22,ELASTIC_NET
59.075,0.0,0.3833333333333333,0.3833333333333333,75,22,ELASTIC_NET
33.725,0.0,-0.0462427745664739,-0.0462427745664739,25,23,random_forest
44.4,0.0,0.024793388429752,0.024793388429752,50,23,random_forest
55.55,,0.0491803278688524,,75,23,random_forest
33.725,0.0,0.2427745664739884,0.2427745664739884,25,23,LASSO
44.4,0.0,0.4462809917355372,0.4462809917355372,50,23,LASSO
55.55,,0.4426229508196721,,75,23,LASSO
33.725,0.0,0.0,0.0,25,23,RIDGE
44.4,0.0,0.0,0.0,50,23,RIDGE
55.55,,0.0,,75,23,RIDGE
33.725,-0.125,0.1734104046242774,0.0484104046242774,25,23,ELASTIC_NET
44.4,0.0,0.4462809917355372,0.4462809917355372,50,23,ELASTIC_NET
55.55,,0.3934426229508196,,75,23,ELASTIC_NET
34.4,0.0,0.0505617977528089,0.0505617977528089,25,24,random_forest
44.25,0.0,0.0,0.0,50,24,random_forest
57.375,,-0.0983606557377049,,75,24,random_forest
34.4,-0.25,0.5842696629213483,0.3342696629213483,25,24,LASSO
44.25,0.0,0.625,0.625,50,24,LASSO
57.375,,0.639344262295082,,75,24,LASSO
34.4,0.0,0.0,0.0,25,24,RIDGE
44.25,0.0,0.0,0.0,50,24,RIDGE
57.375,,0.0,,75,24,RIDGE
34.4,-0.25,0.5898876404494382,0.3398876404494382,25,24,ELASTIC_NET
44.25,0.0,0.6,0.6,50,24,ELASTIC_NET
57.375,,0.5737704918032787,,75,24,ELASTIC_NET
33.525,0.0,-0.0115606936416184,-0.0115606936416184,25,25,random_forest
44.35,0.0,0.042016806722689,0.042016806722689,50,25,random_forest
58.975,0.0,0.0,0.0,75,25,random_forest
33.525,0.25,0.0867052023121387,0.3367052023121387,25,25,LASSO
44.35,1.0,0.3193277310924369,1.319327731092437,50,25,LASSO
58.975,1.0,0.45,1.45,75,25,LASSO
33.525,0.0,0.0,0.0,25,25,RIDGE
44.35,0.0,0.0,0.0,50,25,RIDGE
58.975,0.0,0.0,0.0,75,25,RIDGE
33.525,0.125,0.1502890173410404,0.2752890173410405,25,25,ELASTIC_NET
44.35,1.0,0.3781512605042016,1.3781512605042017,50,25,ELASTIC_NET
58.975,1.0,0.5166666666666667,1.5166666666666666,75,25,ELASTIC_NET
34.4,0.2857142857142857,-0.1412429378531073,0.1444713478611783,25,26,random_forest
44.4,0.0,-0.0826446280991735,-0.0826446280991735,50,26,random_forest
57.4,0.0,-0.2131147540983606,-0.2131147540983606,75,26,random_forest
34.4,-0.2857142857142857,0.6440677966101694,0.3583535108958837,25,26,LASSO
44.4,0.0,0.6363636363636364,0.6363636363636364,50,26,LASSO
57.4,0.0,0.5737704918032787,0.5737704918032787,75,26,LASSO
34.4,0.0,0.0,0.0,25,26,RIDGE
44.4,0.0,0.0,0.0,50,26,RIDGE
57.4,0.0,0.0,0.0,75,26,RIDGE
34.4,-0.2857142857142857,0.5875706214689266,0.3018563357546409,25,26,ELASTIC_NET
44.4,0.0,0.4793388429752066,0.4793388429752066,50,26,ELASTIC_NET
57.4,0.0,0.2786885245901639,0.2786885245901639,75,26,ELASTIC_NET
34.45,0.2,0.0625,0.2625,25,27,random_forest
45.65,0.0,0.0083333333333333,0.0083333333333333,50,27,random_forest
58.975,,0.0163934426229508,,75,27,random_forest
34.45,0.0,0.6420454545454546,0.6420454545454546,25,27,LASSO
45.65,0.0,0.6,0.6,50,27,LASSO
58.975,,0.5737704918032787,,75,27,LASSO
34.45,0.0,0.0,0.0,25,27,RIDGE
45.65,0.0,0.0,0.0,50,27,RIDGE
58.975,,0.0,,75,27,RIDGE
34.45,0.0,0.6420454545454546,0.6420454545454546,25,27,ELASTIC_NET
45.65,0.0,0.6,0.6,50,27,ELASTIC_NET
58.975,,0.5737704918032787,,75,27,ELASTIC_NET
33.275000000000006,0.1666666666666666,-0.2057142857142857,-0.039047619047619,25,28,random_forest
45.05,0.0,0.2100840336134453,0.2100840336134453,50,28,random_forest
58.0,0.0,0.2786885245901639,0.2786885245901639,75,28,random_forest
33.275000000000006,0.0,0.6628571428571428,0.6628571428571428,25,28,LASSO
45.05,0.5,0.7058823529411765,1.2058823529411766,50,28,LASSO
58.0,1.0,0.6557377049180327,1.6557377049180326,75,28,LASSO
33.275000000000006,0.0,0.0,0.0,25,28,RIDGE
45.05,0.0,0.0,0.0,50,28,RIDGE
58.0,0.0,0.0,0.0,75,28,RIDGE
33.275000000000006,0.0,0.6514285714285715,0.6514285714285715,25,28,ELASTIC_NET
45.05,0.0,0.5378151260504201,0.5378151260504201,50,28,ELASTIC_NET
58.0,0.0,0.4754098360655737,0.4754098360655737,75,28,ELASTIC_NET
33.275,0.125,-0.0404624277456647,0.0845375722543352,25,29,random_forest
44.45,0.0,-0.025,-0.025,50,29,random_forest
59.1,,-0.0483870967741935,,75,29,random_forest
33.275,-0.125,0.1213872832369942,-0.0036127167630057,25,29,LASSO
44.45,0.0,0.1,0.1,50,29,LASSO
59.1,,0.1290322580645161,,75,29,LASSO
33.275,0.0,0.0,0.0,25,29,RIDGE
44.45,0.0,0.0,0.0,50,29,RIDGE
59.1,,0.0,,75,29,RIDGE
33.275,0.125,-0.3930635838150289,-0.2680635838150289,25,29,ELASTIC_NET
44.45,0.0,-0.525,-0.525,50,29,ELASTIC_NET
59.1,,-0.4032258064516129,,75,29,ELASTIC_NET
33.5,0.0,0.1022727272727272,0.1022727272727272,25,30,random_forest
45.2,0.0,0.0916666666666666,0.0916666666666666,50,30,random_forest
59.475,,0.1475409836065573,,75,30,random_forest
33.5,0.6,-0.1079545454545454,0.4920454545454545,25,30,LASSO
45.2,0.0,0.5833333333333334,0.5833333333333334,50,30,LASSO
59.475,,0.6229508196721312,,75,30,LASSO
33.5,0.0,0.0,0.0,25,30,RIDGE
45.2,0.0,0.0,0.0,50,30,RIDGE
59.475,,0.0,,75,30,RIDGE
33.5,0.0,0.5795454545454546,0.5795454545454546,25,30,ELASTIC_NET
45.2,0.0,0.5916666666666667,0.5916666666666667,50,30,ELASTIC_NET
59.475,,0.6229508196721312,,75,30,ELASTIC_NET
33.275000000000006,0.125,-0.1791907514450867,-0.0541907514450867,25,31,random_forest
44.55,0.0,-0.1008403361344537,-0.1008403361344537,50,31,random_forest
58.175,0.0,-0.1666666666666666,-0.1666666666666666,75,31,random_forest
33.275000000000006,-0.125,0.1156069364161849,-0.009393063583815,25,31,LASSO
44.55,0.5,0.4117647058823529,0.9117647058823528,50,31,LASSO
58.175,0.0,0.4666666666666667,0.4666666666666667,75,31,LASSO
33.275000000000006,0.0,0.0,0.0,25,31,RIDGE
44.55,0.0,0.0,0.0,50,31,RIDGE
58.175,0.0,0.0,0.0,75,31,RIDGE
33.275000000000006,-0.25,0.3988439306358382,0.1488439306358381,25,31,ELASTIC_NET
44.55,0.5,0.4369747899159664,0.9369747899159664,50,31,ELASTIC_NET
58.175,0.0,0.6166666666666667,0.6166666666666667,75,31,ELASTIC_NET
35.025,0.0,-0.034090909090909,-0.034090909090909,25,32,random_forest
44.7,0.0,-0.1083333333333333,-0.1083333333333333,50,32,random_forest
57.975,,-0.0655737704918032,,75,32,random_forest
35.025,0.0,0.1534090909090909,0.1534090909090909,25,32,LASSO
44.7,0.0,0.6333333333333333,0.6333333333333333,50,32,LASSO
57.975,,0.4590163934426229,,75,32,LASSO
35.025,0.0,0.0,0.0,25,32,RIDGE
44.7,0.0,0.0,0.0,50,32,RIDGE
57.975,,0.0,,75,32,RIDGE
35.025,-0.2,0.4431818181818182,0.2431818181818181,25,32,ELASTIC_NET
44.7,0.0,0.0916666666666666,0.0916666666666666,50,32,ELASTIC_NET
57.975,,0.1311475409836065,,75,32,ELASTIC_NET
34.925,0.0,0.1264367816091954,0.1264367816091954,25,33,random_forest
46.15,0.0,0.1680672268907563,0.1680672268907563,50,33,random_forest
59.1,0.0,0.0983606557377049,0.0983606557377049,75,33,random_forest
34.925,0.2857142857142857,0.1264367816091954,0.4121510673234811,25,33,LASSO
46.15,0.5,0.1932773109243697,0.6932773109243697,50,33,LASSO
59.1,0.0,0.3278688524590163,0.3278688524590163,75,33,LASSO
34.925,0.0,0.0,0.0,25,33,RIDGE
46.15,0.0,0.0,0.0,50,33,RIDGE
59.1,0.0,0.0,0.0,75,33,RIDGE
34.925,0.2857142857142857,0.0344827586206896,0.3201970443349753,25,33,ELASTIC_NET
46.15,0.0,0.4453781512605042,0.4453781512605042,50,33,ELASTIC_NET
59.1,0.0,0.4098360655737705,0.4098360655737705,75,33,ELASTIC_NET
34.75,0.0,-0.3333333333333333,-0.3333333333333333,25,34,random_forest
45.2,0.0,-0.2833333333333333,-0.2833333333333333,50,34,random_forest
59.45,0.0,-0.2666666666666666,-0.2666666666666666,75,34,random_forest
34.75,0.0,-0.0225988700564971,-0.0225988700564971,25,34,LASSO
45.2,0.0,-0.15,-0.15,50,34,LASSO
59.45,0.0,-0.1833333333333333,-0.1833333333333333,75,34,LASSO
34.75,0.0,0.0,0.0,25,34,RIDGE
45.2,0.0,0.0,0.0,50,34,RIDGE
59.45,0.0,0.0,0.0,75,34,RIDGE
34.75,0.0,-0.1186440677966101,-0.1186440677966101,25,34,ELASTIC_NET
45.2,0.0,-0.225,-0.225,50,34,ELASTIC_NET
59.45,0.0,-0.2166666666666666,-0.2166666666666666,75,34,ELASTIC_NET
34.4,0.2,0.0561797752808988,0.2561797752808988,25,35,random_forest
45.45,1.0,-0.05,0.95,50,35,random_forest
59.575,,0.1147540983606557,,75,35,random_forest
34.4,0.4,0.0449438202247191,0.4449438202247191,25,35,LASSO
45.45,1.0,0.0333333333333333,1.0333333333333334,50,35,LASSO
59.575,,0.2295081967213114,,75,35,LASSO
34.4,0.0,0.0,0.0,25,35,RIDGE
45.45,0.0,0.0,0.0,50,35,RIDGE
59.575,,0.0,,75,35,RIDGE
34.4,0.2,-0.0730337078651685,0.1269662921348314,25,35,ELASTIC_NET
45.45,1.0,-0.0416666666666666,0.9583333333333334,50,35,ELASTIC_NET
59.575,,-0.0983606557377049,,75,35,ELASTIC_NET
34.4,0.1428571428571428,-0.0677966101694915,0.0750605326876513,25,36,random_forest
45.4,0.0,0.024793388429752,0.024793388429752,50,36,random_forest
59.075,0.0,0.0333333333333333,0.0333333333333333,75,36,random_forest
34.4,-0.1428571428571428,0.6779661016949152,0.5351089588377724,25,36,LASSO
45.4,0.0,0.6363636363636364,0.6363636363636364,50,36,LASSO
59.075,0.0,0.6,0.6,75,36,LASSO
34.4,0.0,0.0,0.0,25,36,RIDGE
45.4,0.0,0.0,0.0,50,36,RIDGE
59.075,0.0,0.0,0.0,75,36,RIDGE
34.4,0.0,0.6271186440677966,0.6271186440677966,25,36,ELASTIC_NET
45.4,0.0,0.5289256198347108,0.5289256198347108,50,36,ELASTIC_NET
59.075,0.0,0.5,0.5,75,36,ELASTIC_NET
34.4,0.0,-0.0693641618497109,-0.0693641618497109,25,37,random_forest
45.35,0.0,0.042016806722689,0.042016806722689,50,37,random_forest
58.475,0.0,-0.0666666666666666,-0.0666666666666666,75,37,random_forest
34.4,-0.1111111111111111,0.6011560693641619,0.4900449582530508,25,37,LASSO
45.35,0.0,0.4621848739495798,0.4621848739495798,50,37,LASSO
58.475,0.0,0.3,0.3,75,37,LASSO
34.4,0.0,0.0,0.0,25,37,RIDGE
45.35,0.0,0.0,0.0,50,37,RIDGE
58.475,0.0,0.0,0.0,75,37,RIDGE
34.4,-0.2222222222222222,0.5144508670520231,0.2922286448298009,25,37,ELASTIC_NET
45.35,0.0,0.226890756302521,0.226890756302521,50,37,ELASTIC_NET
58.475,0.0,0.2,0.2,75,37,ELASTIC_NET
34.625,0.2,-0.0454545454545454,0.1545454545454545,25,38,random_forest
44.7,0.0,-0.0840336134453781,-0.0840336134453781,50,38,random_forest
57.775,0.0,-0.1333333333333333,-0.1333333333333333,75,38,random_forest
34.625,0.2,-0.1363636363636363,0.0636363636363636,25,38,LASSO
44.7,0.5,0.0336134453781512,0.5336134453781513,50,38,LASSO
57.775,0.0,0.1333333333333333,0.1333333333333333,75,38,LASSO
34.625,0.0,0.0,0.0,25,38,RIDGE
44.7,0.0,0.0,0.0,50,38,RIDGE
57.775,0.0,0.0,0.0,75,38,RIDGE
34.625,0.4,-0.5965909090909091,-0.196590909090909,25,38,ELASTIC_NET
44.7,0.0,-0.4201680672268907,-0.4201680672268907,50,38,ELASTIC_NET
57.775,0.0,-0.0666666666666666,-0.0666666666666666,75,38,ELASTIC_NET
34.75,0.3333333333333333,-0.0457142857142857,0.2876190476190476,25,39,random_forest
45.8,0.5,0.0916666666666666,0.5916666666666667,50,39,random_forest
57.775,0.0,0.05,0.05,75,39,random_forest
34.75,0.5,0.0057142857142857,0.5057142857142857,25,39,LASSO
45.8,0.5,0.7083333333333334,1.2083333333333337,50,39,LASSO
57.775,1.0,0.6833333333333333,1.6833333333333331,75,39,LASSO
34.75,0.0,0.0,0.0,25,39,RIDGE
45.8,0.0,0.0,0.0,50,39,RIDGE
57.775,0.0,0.0,0.0,75,39,RIDGE
34.75,-0.1666666666666666,0.7142857142857143,0.5476190476190477,25,39,ELASTIC_NET
45.8,0.5,0.675,1.175,50,39,ELASTIC_NET
57.775,1.0,0.6166666666666667,1.6166666666666667,75,39,ELASTIC_NET
34.45,0.0,-0.0517241379310344,-0.0517241379310344,25,40,random_forest
45.4,0.0,0.0583333333333333,0.0583333333333333,50,40,random_forest
58.075,0.0,-0.0666666666666666,-0.0666666666666666,75,40,random_forest
34.45,-0.1428571428571428,0.6264367816091954,0.4835796387520525,25,40,LASSO
45.4,0.0,0.5833333333333334,0.5833333333333334,50,40,LASSO
58.075,0.0,0.55,0.55,75,40,LASSO
34.45,0.0,0.0,0.0,25,40,RIDGE
45.4,0.0,0.0,0.0,50,40,RIDGE
58.075,0.0,0.0,0.0,75,40,RIDGE
34.45,0.0,0.5862068965517241,0.5862068965517241,25,40,ELASTIC_NET
45.4,0.0,0.4,0.4,50,40,ELASTIC_NET
58.075,0.0,0.3166666666666666,0.3166666666666666,75,40,ELASTIC_NET
35.025,0.0,0.146067415730337,0.146067415730337,25,41,random_forest
45.45,0.0,0.1932773109243697,0.1932773109243697,50,41,random_forest
58.075,0.0,0.2333333333333333,0.2333333333333333,75,41,random_forest
35.025,0.3333333333333333,0.7134831460674157,1.046816479400749,25,41,LASSO
45.45,0.5,0.7310924369747899,1.23109243697479,50,41,LASSO
58.075,0.0,0.65,0.65,75,41,LASSO
35.025,0.0,0.0,0.0,25,41,RIDGE
45.45,0.0,0.0,0.0,50,41,RIDGE
58.075,0.0,0.0,0.0,75,41,RIDGE
35.025,0.0,0.6966292134831461,0.6966292134831461,25,41,ELASTIC_NET
45.45,0.5,0.7647058823529411,1.2647058823529411,50,41,ELASTIC_NET
58.075,0.0,0.6833333333333333,0.6833333333333333,75,41,ELASTIC_NET
34.45,0.25,-0.2090395480225988,0.0409604519774011,25,42,random_forest
45.3,0.0,-0.1557377049180328,-0.1557377049180328,50,42,random_forest
58.0,0.0,-0.1147540983606557,-0.1147540983606557,75,42,random_forest
34.45,-0.25,0.5480225988700564,0.2980225988700564,25,42,LASSO
45.3,0.0,0.5737704918032787,0.5737704918032787,50,42,LASSO
58.0,0.0,0.4918032786885246,0.4918032786885246,75,42,LASSO
34.45,0.0,0.0,0.0,25,42,RIDGE
45.3,0.0,0.0,0.0,50,42,RIDGE
58.0,0.0,0.0,0.0,75,42,RIDGE
34.45,-0.25,0.5423728813559322,0.2923728813559322,25,42,ELASTIC_NET
45.3,0.0,0.4344262295081967,0.4344262295081967,50,42,ELASTIC_NET
58.0,0.0,0.3934426229508196,0.3934426229508196,75,42,ELASTIC_NET
33.95,0.0,0.1091954022988505,0.1091954022988505,25,43,random_forest
45.35,0.0,0.2773109243697479,0.2773109243697479,50,43,random_forest
57.975,0.0,0.3,0.3,75,43,random_forest
33.95,-0.2857142857142857,0.6149425287356322,0.3292282430213464,25,43,LASSO
45.35,0.0,0.6638655462184874,0.6638655462184874,50,43,LASSO
57.975,0.0,0.6666666666666666,0.6666666666666666,75,43,LASSO
33.95,0.0,0.0,0.0,25,43,RIDGE
45.35,0.0,0.0,0.0,50,43,RIDGE
57.975,0.0,0.0,0.0,75,43,RIDGE
33.95,-0.2857142857142857,0.5977011494252874,0.3119868637110017,25,43,ELASTIC_NET
45.35,0.0,0.6050420168067226,0.6050420168067226,50,43,ELASTIC_NET
57.975,0.0,0.5333333333333333,0.5333333333333333,75,43,ELASTIC_NET
32.95,0.1666666666666666,0.0228571428571428,0.1895238095238095,25,44,random_forest
45.35,0.0,0.0168067226890756,0.0168067226890756,50,44,random_forest
58.175,0.0,-0.0333333333333333,-0.0333333333333333,75,44,random_forest
32.95,-0.1666666666666666,0.7142857142857143,0.5476190476190477,25,44,LASSO
45.35,0.0,0.7310924369747899,0.7310924369747899,50,44,LASSO
58.175,0.0,0.6333333333333333,0.6333333333333333,75,44,LASSO
32.95,0.0,0.0,0.0,25,44,RIDGE
45.35,0.0,0.0,0.0,50,44,RIDGE
58.175,0.0,0.0,0.0,75,44,RIDGE
32.95,-0.1666666666666666,0.7142857142857143,0.5476190476190477,25,44,ELASTIC_NET
45.35,0.0,0.7310924369747899,0.7310924369747899,50,44,ELASTIC_NET
58.175,0.0,0.6333333333333333,0.6333333333333333,75,44,ELASTIC_NET
34.6,0.0,-0.0790960451977401,-0.0790960451977401,25,45,random_forest
44.55,0.0,-0.2100840336134453,-0.2100840336134453,50,45,random_forest
57.375,0.0,-0.0833333333333333,-0.0833333333333333,75,45,random_forest
34.6,0.4,-0.1412429378531073,0.2587570621468926,25,45,LASSO
44.55,0.0,0.0,0.0,50,45,LASSO
57.375,0.0,0.2666666666666666,0.2666666666666666,75,45,LASSO
34.6,0.0,0.0,0.0,25,45,RIDGE
44.55,0.0,0.0,0.0,50,45,RIDGE
57.375,0.0,0.0,0.0,75,45,RIDGE
34.6,0.0,0.4350282485875706,0.4350282485875706,25,45,ELASTIC_NET
44.55,0.0,0.1092436974789916,0.1092436974789916,50,45,ELASTIC_NET
57.375,0.0,0.1,0.1,75,45,ELASTIC_NET
33.65,0.0,0.0852272727272727,0.0852272727272727,25,46,random_forest
45.3,0.0,0.0330578512396694,0.0330578512396694,50,46,random_forest
58.075,,-0.0327868852459016,,75,46,random_forest
33.65,0.0,0.5681818181818182,0.5681818181818182,25,46,LASSO
45.3,0.0,0.628099173553719,0.628099173553719,50,46,LASSO
58.075,,0.5409836065573771,,75,46,LASSO
33.65,0.0,0.0,0.0,25,46,RIDGE
45.3,0.0,0.0,0.0,50,46,RIDGE
58.075,,0.0,,75,46,RIDGE
33.65,0.0,0.0,0.0,25,46,ELASTIC_NET
45.3,0.0,0.0,0.0,50,46,ELASTIC_NET
58.075,,0.0,,75,46,ELASTIC_NET
34.45,0.0,-0.08,-0.08,25,47,random_forest
45.3,0.0,-0.0165289256198347,-0.0165289256198347,50,47,random_forest
57.15,0.0,0.0666666666666666,0.0666666666666666,75,47,random_forest
34.45,0.3333333333333333,-0.0171428571428571,0.3161904761904762,25,47,LASSO
45.3,0.5,0.0991735537190082,0.5991735537190083,50,47,LASSO
57.15,0.0,0.5666666666666667,0.5666666666666667,75,47,LASSO
34.45,0.0,0.0,0.0,25,47,RIDGE
45.3,0.0,0.0,0.0,50,47,RIDGE
57.15,0.0,0.0,0.0,75,47,RIDGE
34.45,-0.1666666666666666,0.6457142857142857,0.479047619047619,25,47,ELASTIC_NET
45.3,0.0,0.5785123966942148,0.5785123966942148,50,47,ELASTIC_NET
57.15,0.0,0.5,0.5,75,47,ELASTIC_NET
34.4,0.2857142857142857,-0.0227272727272727,0.262987012987013,25,48,random_forest
44.5,0.0,-0.1583333333333333,-0.1583333333333333,50,48,random_forest
58.175,0.0,-0.1833333333333333,-0.1833333333333333,75,48,random_forest
34.4,-0.1428571428571428,0.6022727272727273,0.4594155844155844,25,48,LASSO
44.5,0.0,0.6833333333333333,0.6833333333333333,50,48,LASSO
58.175,0.0,0.5166666666666667,0.5166666666666667,75,48,LASSO
34.4,0.0,0.0,0.0,25,48,RIDGE
44.5,0.0,0.0,0.0,50,48,RIDGE
58.175,0.0,0.0,0.0,75,48,RIDGE
34.4,0.0,0.6363636363636364,0.6363636363636364,25,48,ELASTIC_NET
44.5,0.0,0.675,0.675,50,48,ELASTIC_NET
58.175,0.0,0.55,0.55,75,48,ELASTIC_NET
34.4,0.0,-0.1193181818181818,-0.1193181818181818,25,49,random_forest
45.05,0.0,-0.1680672268907563,-0.1680672268907563,50,49,random_forest
57.375,0.0,-0.1666666666666666,-0.1666666666666666,75,49,random_forest
34.4,0.1666666666666666,0.0625,0.2291666666666666,25,49,LASSO
45.05,0.0,0.0588235294117647,0.0588235294117647,50,49,LASSO
57.375,0.0,0.5333333333333333,0.5333333333333333,75,49,LASSO
34.4,0.0,0.0,0.0,25,49,RIDGE
45.05,0.0,0.0,0.0,50,49,RIDGE
57.375,0.0,0.0,0.0,75,49,RIDGE
34.4,0.0,-0.1590909090909091,-0.1590909090909091,25,49,ELASTIC_NET
45.05,0.0,0.0,0.0,50,49,ELASTIC_NET
57.375,0.0,0.0,0.0,75,49,ELASTIC_NET
35.3,0.25,0.2134831460674157,0.4634831460674157,25,50,random_forest
45.35,0.5,0.2100840336134453,0.7100840336134454,50,50,random_forest
58.5,0.0,0.2333333333333333,0.2333333333333333,75,50,random_forest
35.3,0.5,0.0898876404494382,0.5898876404494382,25,50,LASSO
45.35,0.5,0.226890756302521,0.726890756302521,50,50,LASSO
58.5,0.0,0.4166666666666667,0.4166666666666667,75,50,LASSO
35.3,0.0,0.0,0.0,25,50,RIDGE
45.35,0.0,0.0,0.0,50,50,RIDGE
58.5,0.0,0.0,0.0,75,50,RIDGE
35.3,0.5,0.0898876404494382,0.5898876404494382,25,50,ELASTIC_NET
45.35,0.5,0.2773109243697479,0.7773109243697479,50,50,ELASTIC_NET
58.5,0.0,0.4166666666666667,0.4166666666666667,75,50,ELASTIC_NET
34.625,0.0,0.034090909090909,0.034090909090909,25,51,random_forest
45.3,0.0,-0.0991735537190082,-0.0991735537190082,50,51,random_forest
58.150000000000006,0.0,-0.1166666666666666,-0.1166666666666666,75,51,random_forest
34.625,-0.2,0.6306818181818182,0.4306818181818182,25,51,LASSO
45.3,0.0,0.6033057851239669,0.6033057851239669,50,51,LASSO
58.150000000000006,0.0,0.5666666666666667,0.5666666666666667,75,51,LASSO
34.625,0.0,0.0,0.0,25,51,RIDGE
45.3,0.0,0.0,0.0,50,51,RIDGE
58.150000000000006,0.0,0.0,0.0,75,51,RIDGE
34.625,-0.2,0.625,0.425,25,51,ELASTIC_NET
45.3,0.0,0.5950413223140496,0.5950413223140496,50,51,ELASTIC_NET
58.150000000000006,0.0,0.55,0.55,75,51,ELASTIC_NET
34.925,-0.25,0.0112994350282485,-0.2387005649717514,25,52,random_forest
45.4,,-0.089430894308943,,50,52,random_forest
59.075,,-0.0983606557377049,,75,52,random_forest
34.925,0.0,0.2711864406779661,0.2711864406779661,25,52,LASSO
45.4,,0.08130081300813,,50,52,LASSO
59.075,,0.180327868852459,,75,52,LASSO
34.925,0.0,0.0,0.0,25,52,RIDGE
45.4,,0.0,,50,52,RIDGE
59.075,,0.0,,75,52,RIDGE
34.925,0.0,0.2824858757062147,0.2824858757062147,25,52,ELASTIC_NET
45.4,,0.1951219512195122,,50,52,ELASTIC_NET
59.075,,0.2295081967213114,,75,52,ELASTIC_NET
34.6,0.0,-0.1011235955056179,-0.1011235955056179,25,53,random_forest
45.45,0.0,-0.0588235294117647,-0.0588235294117647,50,53,random_forest
59.6,0.0,-0.0491803278688524,-0.0491803278688524,75,53,random_forest
34.6,-0.2,0.651685393258427,0.451685393258427,25,53,LASSO
45.45,0.0,0.6386554621848739,0.6386554621848739,50,53,LASSO
59.6,0.0,0.6557377049180327,0.6557377049180327,75,53,LASSO
34.6,0.0,0.0,0.0,25,53,RIDGE
45.45,0.0,0.0,0.0,50,53,RIDGE
59.6,0.0,0.0,0.0,75,53,RIDGE
34.6,-0.2,0.651685393258427,0.451685393258427,25,53,ELASTIC_NET
45.45,0.0,0.6386554621848739,0.6386554621848739,50,53,ELASTIC_NET
59.6,0.0,0.6557377049180327,0.6557377049180327,75,53,ELASTIC_NET
33.725,0.0,-0.0402298850574712,-0.0402298850574712,25,54,random_forest
45.3,0.0,0.2049180327868852,0.2049180327868852,50,54,random_forest
57.775,0.0,0.2166666666666666,0.2166666666666666,75,54,random_forest
33.725,-0.1428571428571428,0.5977011494252874,0.4548440065681445,25,54,LASSO
45.3,0.0,0.6475409836065574,0.6475409836065574,50,54,LASSO
57.775,0.0,0.7,0.7,75,54,LASSO
33.725,0.0,0.0,0.0,25,54,RIDGE
45.3,0.0,0.0,0.0,50,54,RIDGE
57.775,0.0,0.0,0.0,75,54,RIDGE
33.725,-0.1428571428571428,0.5919540229885057,0.4490968801313629,25,54,ELASTIC_NET
45.3,0.0,0.639344262295082,0.639344262295082,50,54,ELASTIC_NET
57.775,0.0,0.6166666666666667,0.6166666666666667,75,54,ELASTIC_NET
34.75,0.0,0.0112994350282485,0.0112994350282485,25,55,random_forest
44.45,0.0,-0.0916666666666666,-0.0916666666666666,50,55,random_forest
57.225,0.0,-0.1666666666666666,-0.1666666666666666,75,55,random_forest
34.75,0.0,-0.0903954802259887,-0.0903954802259887,25,55,LASSO
44.45,1.0,-0.1416666666666666,0.8583333333333334,50,55,LASSO
57.225,1.0,-0.1666666666666666,0.8333333333333334,75,55,LASSO
34.75,0.0,0.0,0.0,25,55,RIDGE
44.45,0.0,0.0,0.0,50,55,RIDGE
57.225,0.0,0.0,0.0,75,55,RIDGE
34.75,0.0,-0.0847457627118644,-0.0847457627118644,25,55,ELASTIC_NET
44.45,0.0,-0.1416666666666666,-0.1416666666666666,50,55,ELASTIC_NET
57.225,0.0,-0.1666666666666666,-0.1666666666666666,75,55,ELASTIC_NET
35.225,0.2,0.0227272727272727,0.2227272727272727,25,56,random_forest
45.3,0.5,0.025,0.525,50,56,random_forest
59.6,0.0,0.180327868852459,0.180327868852459,75,56,random_forest
35.225,0.2,0.0738636363636363,0.2738636363636363,25,56,LASSO
45.3,0.5,0.7083333333333334,1.2083333333333337,50,56,LASSO
59.6,1.0,0.6065573770491803,1.6065573770491803,75,56,LASSO
35.225,0.0,0.0,0.0,25,56,RIDGE
45.3,0.0,0.0,0.0,50,56,RIDGE
59.6,0.0,0.0,0.0,75,56,RIDGE
35.225,0.8,-0.3522727272727273,0.4477272727272727,25,56,ELASTIC_NET
45.3,0.0,0.5916666666666667,0.5916666666666667,50,56,ELASTIC_NET
59.6,0.0,0.0,0.0,75,56,ELASTIC_NET
34.4,0.1428571428571428,-0.2057142857142857,-0.0628571428571428,25,57,random_forest
45.4,0.0,0.1166666666666666,0.1166666666666666,50,57,random_forest
59.675,0.0,0.05,0.05,75,57,random_forest
34.4,0.4285714285714285,-0.0857142857142857,0.3428571428571428,25,57,LASSO
45.4,0.0,0.2916666666666667,0.2916666666666667,50,57,LASSO
59.675,0.0,0.3166666666666666,0.3166666666666666,75,57,LASSO
34.4,0.0,0.0,0.0,25,57,RIDGE
45.4,0.0,0.0,0.0,50,57,RIDGE
59.675,0.0,0.0,0.0,75,57,RIDGE
34.4,0.4285714285714285,-0.1485714285714285,0.2799999999999999,25,57,ELASTIC_NET
45.4,0.0,0.2333333333333333,0.2333333333333333,50,57,ELASTIC_NET
59.675,0.0,0.2666666666666666,0.2666666666666666,75,57,ELASTIC_NET
33.275000000000006,0.0,-0.0511363636363636,-0.0511363636363636,25,58,random_forest
45.2,0.0,-0.042016806722689,-0.042016806722689,50,58,random_forest
57.225,0.0,-0.2,-0.2,75,58,random_forest
33.275000000000006,-0.2,0.2613636363636363,0.0613636363636363,25,58,LASSO
45.2,0.0,0.5630252100840336,0.5630252100840336,50,58,LASSO
57.225,0.0,0.1,0.1,75,58,LASSO
33.275000000000006,0.0,0.0,0.0,25,58,RIDGE
45.2,0.0,0.0,0.0,50,58,RIDGE
57.225,0.0,0.0,0.0,75,58,RIDGE
33.275000000000006,0.0,0.0852272727272727,0.0852272727272727,25,58,ELASTIC_NET
45.2,0.0,0.0504201680672268,0.0504201680672268,50,58,ELASTIC_NET
57.225,0.0,0.0166666666666666,0.0166666666666666,75,58,ELASTIC_NET
32.975,0.0,0.1264367816091954,0.1264367816091954,25,59,random_forest
44.55,0.0,0.1848739495798319,0.1848739495798319,50,59,random_forest
58.0,0.0,0.1639344262295081,0.1639344262295081,75,59,random_forest
32.975,-0.4285714285714285,0.6264367816091954,0.1978653530377668,25,59,LASSO
44.55,0.5,0.6218487394957983,1.1218487394957983,50,59,LASSO
58.0,1.0,0.6065573770491803,1.6065573770491803,75,59,LASSO
32.975,0.0,0.0,0.0,25,59,RIDGE
44.55,0.0,0.0,0.0,50,59,RIDGE
58.0,0.0,0.0,0.0,75,59,RIDGE
32.975,-0.1428571428571428,0.6379310344827587,0.4950738916256158,25,59,ELASTIC_NET
44.55,0.5,0.6638655462184874,1.1638655462184873,50,59,ELASTIC_NET
58.0,1.0,0.6721311475409836,1.6721311475409837,75,59,ELASTIC_NET
34.45,0.5,-0.1638418079096045,0.3361581920903955,25,60,random_forest
45.6,1.0,-0.1416666666666666,0.8583333333333334,50,60,random_forest
58.0,,-0.0483870967741935,,75,60,random_forest
34.45,0.0,0.6666666666666666,0.6666666666666666,25,60,LASSO
45.6,0.0,0.6916666666666667,0.6916666666666667,50,60,LASSO
58.0,,0.6290322580645161,,75,60,LASSO
34.45,0.0,0.0,0.0,25,60,RIDGE
45.6,0.0,0.0,0.0,50,60,RIDGE
58.0,,0.0,,75,60,RIDGE
34.45,0.0,0.5423728813559322,0.5423728813559322,25,60,ELASTIC_NET
45.6,0.0,0.2,0.2,50,60,ELASTIC_NET
58.0,,0.0161290322580645,,75,60,ELASTIC_NET
34.675,0.0,-0.0056497175141242,-0.0056497175141242,25,61,random_forest
44.65,0.0,0.1416666666666666,0.1416666666666666,50,61,random_forest
58.5,,0.081967213114754,,75,61,random_forest
34.675,0.0,0.2146892655367231,0.2146892655367231,25,61,LASSO
44.65,0.0,0.1333333333333333,0.1333333333333333,50,61,LASSO
58.5,,0.081967213114754,,75,61,LASSO
34.675,0.0,0.0,0.0,25,61,RIDGE
44.65,0.0,0.0,0.0,50,61,RIDGE
58.5,,0.0,,75,61,RIDGE
34.675,0.0,0.0734463276836158,0.0734463276836158,25,61,ELASTIC_NET
44.65,0.0,0.4916666666666666,0.4916666666666666,50,61,ELASTIC_NET
58.5,,0.360655737704918,,75,61,ELASTIC_NET
34.4,0.1666666666666666,0.0056497175141242,0.1723163841807909,25,62,random_forest
45.2,0.0,-0.0083333333333333,-0.0083333333333333,50,62,random_forest
58.05,0.0,-0.05,-0.05,75,62,random_forest
34.4,-0.3333333333333333,0.6949152542372882,0.3615819209039548,25,62,LASSO
45.2,0.0,0.6833333333333333,0.6833333333333333,50,62,LASSO
58.05,0.0,0.6666666666666666,0.6666666666666666,75,62,LASSO
34.4,0.0,0.0,0.0,25,62,RIDGE
45.2,0.0,0.0,0.0,50,62,RIDGE
58.05,0.0,0.0,0.0,75,62,RIDGE
34.4,-0.3333333333333333,0.5706214689265536,0.2372881355932203,25,62,ELASTIC_NET
45.2,0.0,0.1083333333333333,0.1083333333333333,50,62,ELASTIC_NET
58.05,0.0,0.1333333333333333,0.1333333333333333,75,62,ELASTIC_NET
34.75,0.0,-0.1034482758620689,-0.1034482758620689,25,63,random_forest
45.2,0.0,0.0168067226890756,0.0168067226890756,50,63,random_forest
57.375,0.0,-0.0333333333333333,-0.0333333333333333,75,63,random_forest
34.75,-0.1428571428571428,0.6264367816091954,0.4835796387520525,25,63,LASSO
45.2,0.0,0.1176470588235294,0.1176470588235294,50,63,LASSO
57.375,0.0,0.0,0.0,75,63,LASSO
34.75,0.0,0.0,0.0,25,63,RIDGE
45.2,0.0,0.0,0.0,50,63,RIDGE
57.375,0.0,0.0,0.0,75,63,RIDGE
34.75,-0.1428571428571428,0.6264367816091954,0.4835796387520525,25,63,ELASTIC_NET
45.2,0.0,0.0,0.0,50,63,ELASTIC_NET
57.375,0.0,0.0,0.0,75,63,ELASTIC_NET
34.4,0.25,0.0457142857142857,0.2957142857142857,25,64,random_forest
45.35,0.0,0.1680672268907563,0.1680672268907563,50,64,random_forest
59.075,0.0,0.1,0.1,75,64,random_forest
34.4,0.125,0.6571428571428571,0.7821428571428571,25,64,LASSO
45.35,0.0,0.6890756302521008,0.6890756302521008,50,64,LASSO
59.075,0.0,0.65,0.65,75,64,LASSO
34.4,0.0,0.0,0.0,25,64,RIDGE
45.35,0.0,0.0,0.0,50,64,RIDGE
59.075,0.0,0.0,0.0,75,64,RIDGE
34.4,0.125,0.6514285714285715,0.7764285714285715,25,64,ELASTIC_NET
45.35,0.0,0.6890756302521008,0.6890756302521008,50,64,ELASTIC_NET
59.075,0.0,0.65,0.65,75,64,ELASTIC_NET
32.95,0.0,-0.0971428571428571,-0.0971428571428571,25,65,random_forest
44.55,0.0,-0.1583333333333333,-0.1583333333333333,50,65,random_forest
59.075,,-0.2295081967213114,,75,65,random_forest
32.95,0.1666666666666666,0.04,0.2066666666666666,25,65,LASSO
44.55,0.0,0.2916666666666667,0.2916666666666667,50,65,LASSO
59.075,,0.2950819672131147,,75,65,LASSO
32.95,0.0,0.0,0.0,25,65,RIDGE
44.55,0.0,0.0,0.0,50,65,RIDGE
59.075,,0.0,,75,65,RIDGE
32.95,0.1666666666666666,0.0228571428571428,0.1895238095238095,25,65,ELASTIC_NET
44.55,0.0,0.2833333333333333,0.2833333333333333,50,65,ELASTIC_NET
59.075,,0.2786885245901639,,75,65,ELASTIC_NET
35.1,0.0,0.0782122905027933,0.0782122905027933,25,66,random_forest
45.65,0.0,0.1,0.1,50,66,random_forest
59.525,0.0,0.1333333333333333,0.1333333333333333,75,66,random_forest
35.1,0.0,-0.0223463687150838,-0.0223463687150838,25,66,LASSO
45.65,0.0,-0.0833333333333333,-0.0833333333333333,50,66,LASSO
59.525,0.0,-0.0166666666666666,-0.0166666666666666,75,66,LASSO
35.1,0.0,0.0,0.0,25,66,RIDGE
45.65,0.0,0.0,0.0,50,66,RIDGE
59.525,0.0,0.0,0.0,75,66,RIDGE
35.1,-0.3333333333333333,0.0558659217877094,-0.2774674115456238,25,66,ELASTIC_NET
45.65,0.0,0.025,0.025,50,66,ELASTIC_NET
59.525,0.0,0.15,0.15,75,66,ELASTIC_NET
33.95,0.0,0.0804597701149425,0.0804597701149425,25,67,random_forest
45.3,0.0,0.024793388429752,0.024793388429752,50,67,random_forest
59.4,0.0,0.0666666666666666,0.0666666666666666,75,67,random_forest
33.95,0.0,0.1264367816091954,0.1264367816091954,25,67,LASSO
45.3,0.0,0.0826446280991735,0.0826446280991735,50,67,LASSO
59.4,0.0,0.45,0.45,75,67,LASSO
33.95,0.0,0.0,0.0,25,67,RIDGE
45.3,0.0,0.0,0.0,50,67,RIDGE
59.4,0.0,0.0,0.0,75,67,RIDGE
33.95,0.0,-0.0114942528735632,-0.0114942528735632,25,67,ELASTIC_NET
45.3,0.0,0.2231404958677686,0.2231404958677686,50,67,ELASTIC_NET
59.4,0.0,0.1166666666666666,0.1166666666666666,75,67,ELASTIC_NET
33.95,0.1428571428571428,0.028735632183908,0.1715927750410509,25,68,random_forest
45.4,0.0,0.1074380165289256,0.1074380165289256,50,68,random_forest
58.975,0.0,0.15,0.15,75,68,random_forest
33.95,0.2857142857142857,-0.0402298850574712,0.2454844006568144,25,68,LASSO
45.4,0.5,0.6198347107438017,1.1198347107438016,50,68,LASSO
58.975,1.0,0.55,1.55,75,68,LASSO
33.95,0.0,0.0,0.0,25,68,RIDGE
45.4,0.0,0.0,0.0,50,68,RIDGE
58.975,0.0,0.0,0.0,75,68,RIDGE
33.95,-0.2857142857142857,0.5747126436781609,0.2889983579638752,25,68,ELASTIC_NET
45.4,0.0,0.5619834710743802,0.5619834710743802,50,68,ELASTIC_NET
58.975,1.0,0.5166666666666667,1.5166666666666666,75,68,ELASTIC_NET
34.925,0.1666666666666666,-0.0971428571428571,0.0695238095238095,25,69,random_forest
45.8,0.5,-0.1239669421487603,0.3760330578512396,50,69,random_forest
59.25,0.0,-0.0666666666666666,-0.0666666666666666,75,69,random_forest
34.925,0.3333333333333333,-0.0742857142857142,0.259047619047619,25,69,LASSO
45.8,0.5,-0.0495867768595041,0.4504132231404958,50,69,LASSO
59.25,0.0,-0.05,-0.05,75,69,LASSO
34.925,0.0,0.0,0.0,25,69,RIDGE
45.8,0.0,0.0,0.0,50,69,RIDGE
59.25,0.0,0.0,0.0,75,69,RIDGE
34.925,0.3333333333333333,-0.0971428571428571,0.2361904761904761,25,69,ELASTIC_NET
45.8,0.5,-0.1570247933884297,0.3429752066115702,50,69,ELASTIC_NET
59.25,0.0,-0.05,-0.05,75,69,ELASTIC_NET
33.95,0.2,0.0227272727272727,0.2227272727272727,25,70,random_forest
44.7,0.0,0.1,0.1,50,70,random_forest
57.375,,0.1147540983606557,,75,70,random_forest
33.95,0.4,0.0852272727272727,0.4852272727272727,25,70,LASSO
44.7,0.0,0.0833333333333333,0.0833333333333333,50,70,LASSO
57.375,,0.3114754098360656,,75,70,LASSO
33.95,0.0,0.0,0.0,25,70,RIDGE
44.7,0.0,0.0,0.0,50,70,RIDGE
57.375,,0.0,,75,70,RIDGE
33.95,0.4,-0.0056818181818181,0.3943181818181818,25,70,ELASTIC_NET
44.7,0.0,0.2333333333333333,0.2333333333333333,50,70,ELASTIC_NET
57.375,,0.2459016393442623,,75,70,ELASTIC_NET
34.4,0.1111111111111111,-0.2485549132947976,-0.1374438021836865,25,71,random_forest
44.45,0.0,0.0,0.0,50,71,random_forest
56.9,0.0,-0.05,-0.05,75,71,random_forest
34.4,0.3333333333333333,-0.0520231213872832,0.2813102119460501,25,71,LASSO
44.45,0.0,0.6386554621848739,0.6386554621848739,50,71,LASSO
56.9,0.0,0.5833333333333334,0.5833333333333334,75,71,LASSO
34.4,0.0,0.0,0.0,25,71,RIDGE
44.45,0.0,0.0,0.0,50,71,RIDGE
56.9,0.0,0.0,0.0,75,71,RIDGE
34.4,-0.1111111111111111,0.653179190751445,0.5420680796403339,25,71,ELASTIC_NET
44.45,0.0,0.6386554621848739,0.6386554621848739,50,71,ELASTIC_NET
56.9,0.0,0.55,0.55,75,71,ELASTIC_NET
34.4,0.1428571428571428,-0.1542857142857142,-0.0114285714285714,25,72,random_forest
45.4,0.0,-0.0916666666666666,-0.0916666666666666,50,72,random_forest
59.575,0.0,-0.1166666666666666,-0.1166666666666666,75,72,random_forest
34.4,0.2857142857142857,0.1942857142857142,0.48,25,72,LASSO
45.4,0.0,0.6166666666666667,0.6166666666666667,50,72,LASSO
59.575,0.0,0.5833333333333334,0.5833333333333334,75,72,LASSO
34.4,0.0,0.0,0.0,25,72,RIDGE
45.4,0.0,0.0,0.0,50,72,RIDGE
59.575,0.0,0.0,0.0,75,72,RIDGE
34.4,0.1428571428571428,0.5828571428571429,0.7257142857142858,25,72,ELASTIC_NET
45.4,0.0,0.5166666666666667,0.5166666666666667,50,72,ELASTIC_NET
59.575,0.0,0.45,0.45,75,72,ELASTIC_NET
34.4,0.0,0.0903954802259887,0.0903954802259887,25,73,random_forest
44.5,0.0,0.0826446280991735,0.0826446280991735,50,73,random_forest
56.45,0.0,0.0833333333333333,0.0833333333333333,75,73,random_forest
34.4,0.2857142857142857,-0.0112994350282485,0.2744148506860371,25,73,LASSO
44.5,0.0,0.6198347107438017,0.6198347107438017,50,73,LASSO
56.45,0.0,0.6666666666666666,0.6666666666666666,75,73,LASSO
34.4,0.0,0.0,0.0,25,73,RIDGE
44.5,0.0,0.0,0.0,50,73,RIDGE
56.45,0.0,0.0,0.0,75,73,RIDGE
34.4,0.0,0.6214689265536724,0.6214689265536724,25,73,ELASTIC_NET
44.5,0.0,0.6198347107438017,0.6198347107438017,50,73,ELASTIC_NET
56.45,0.0,0.6666666666666666,0.6666666666666666,75,73,ELASTIC_NET
34.4,0.0,0.0338983050847457,0.0338983050847457,25,74,random_forest
45.3,0.0,0.025,0.025,50,74,random_forest
59.25,0.0,-0.0166666666666666,-0.0166666666666666,75,74,random_forest
34.4,0.3333333333333333,-0.1751412429378531,0.1581920903954802,25,74,LASSO
45.3,0.0,0.6083333333333333,0.6083333333333333,50,74,LASSO
59.25,0.0,0.55,0.55,75,74,LASSO
34.4,0.0,0.0,0.0,25,74,RIDGE
45.3,0.0,0.0,0.0,50,74,RIDGE
59.25,0.0,0.0,0.0,75,74,RIDGE
34.4,0.0,0.536723163841808,0.536723163841808,25,74,ELASTIC_NET
45.3,0.0,0.5666666666666667,0.5666666666666667,50,74,ELASTIC_NET
59.25,0.0,0.4833333333333333,0.4833333333333333,75,74,ELASTIC_NET
34.75,0.1666666666666666,-0.08,0.0866666666666666,25,75,random_forest
45.8,0.0,-0.0330578512396694,-0.0330578512396694,50,75,random_forest
58.825,0.0,-0.0333333333333333,-0.0333333333333333,75,75,random_forest
34.75,0.3333333333333333,-0.1028571428571428,0.2304761904761904,25,75,LASSO
45.8,0.0,0.0,0.0,50,75,LASSO
58.825,0.0,0.0,0.0,75,75,LASSO
34.75,0.0,0.0,0.0,25,75,RIDGE
45.8,0.0,0.0,0.0,50,75,RIDGE
58.825,0.0,0.0,0.0,75,75,RIDGE
34.75,0.0,0.0,0.0,25,75,ELASTIC_NET
45.8,0.0,0.0,0.0,50,75,ELASTIC_NET
58.825,0.0,0.0,0.0,75,75,ELASTIC_NET
34.4,0.25,0.0909090909090909,0.3409090909090909,25,76,random_forest
44.2,0.0,0.0083333333333333,0.0083333333333333,50,76,random_forest
56.9,,-0.0327868852459016,,75,76,random_forest
34.4,-0.25,0.6136363636363636,0.3636363636363636,25,76,LASSO
44.2,0.0,0.6666666666666666,0.6666666666666666,50,76,LASSO
56.9,,0.6065573770491803,,75,76,LASSO
34.4,0.0,0.0,0.0,25,76,RIDGE
44.2,0.0,0.0,0.0,50,76,RIDGE
56.9,,0.0,,75,76,RIDGE
34.4,-0.25,0.6420454545454546,0.3920454545454546,25,76,ELASTIC_NET
44.2,0.0,0.5666666666666667,0.5666666666666667,50,76,ELASTIC_NET
56.9,,0.3770491803278688,,75,76,ELASTIC_NET
34.625,0.1666666666666666,-0.1428571428571428,0.0238095238095238,25,77,random_forest
44.55,0.0,-0.042016806722689,-0.042016806722689,50,77,random_forest
58.175,0.0,-0.1666666666666666,-0.1666666666666666,75,77,random_forest
34.625,-0.1666666666666666,0.72,0.5533333333333333,25,77,LASSO
44.55,0.0,0.6302521008403361,0.6302521008403361,50,77,LASSO
58.175,0.0,0.5166666666666667,0.5166666666666667,75,77,LASSO
34.625,0.0,0.0,0.0,25,77,RIDGE
44.55,0.0,0.0,0.0,50,77,RIDGE
58.175,0.0,0.0,0.0,75,77,RIDGE
34.625,0.0,0.52,0.52,25,77,ELASTIC_NET
44.55,0.0,0.0756302521008403,0.0756302521008403,50,77,ELASTIC_NET
58.175,0.0,0.0,0.0,75,77,ELASTIC_NET
34.625,0.0,0.0284090909090909,0.0284090909090909,25,78,random_forest
44.45,0.0,0.15,0.15,50,78,random_forest
57.975,0.0,0.1166666666666666,0.1166666666666666,75,78,random_forest
34.625,0.0,0.6647727272727273,0.6647727272727273,25,78,LASSO
44.45,1.0,0.6416666666666667,1.6416666666666666,50,78,LASSO
57.975,1.0,0.65,1.65,75,78,LASSO
34.625,0.0,0.0,0.0,25,78,RIDGE
44.45,0.0,0.0,0.0,50,78,RIDGE
57.975,0.0,0.0,0.0,75,78,RIDGE
34.625,0.0,0.6590909090909091,0.6590909090909091,25,78,ELASTIC_NET
44.45,1.0,0.6416666666666667,1.6416666666666666,50,78,ELASTIC_NET
57.975,1.0,0.65,1.65,75,78,ELASTIC_NET
34.675,0.0,-0.1348314606741573,-0.1348314606741573,25,79,random_forest
45.8,0.0,-0.1967213114754098,-0.1967213114754098,50,79,random_forest
58.5,,-0.1475409836065573,,75,79,random_forest
34.675,0.3333333333333333,-0.0786516853932584,0.2546816479400748,25,79,LASSO
45.8,1.0,-0.1229508196721311,0.8770491803278688,50,79,LASSO
58.5,,0.1311475409836065,,75,79,LASSO
34.675,0.0,0.0,0.0,25,79,RIDGE
45.8,0.0,0.0,0.0,50,79,RIDGE
58.5,,0.0,,75,79,RIDGE
34.675,0.3333333333333333,-0.0898876404494382,0.2434456928838951,25,79,ELASTIC_NET
45.8,1.0,-0.1639344262295081,0.8360655737704918,50,79,ELASTIC_NET
58.5,,-0.0327868852459016,,75,79,ELASTIC_NET
33.95,-0.2,0.1079545454545454,-0.0920454545454545,25,80,random_forest
44.45,,0.0330578512396694,,50,80,random_forest
56.45,,-0.0163934426229508,,75,80,random_forest
33.95,0.2,-0.1704545454545454,0.0295454545454545,25,80,LASSO
44.45,,0.4214876033057851,,50,80,LASSO
56.45,,0.4426229508196721,,75,80,LASSO
33.95,0.0,0.0,0.0,25,80,RIDGE
44.45,,0.0,,50,80,RIDGE
56.45,,0.0,,75,80,RIDGE
33.95,0.0,0.4034090909090909,0.4034090909090909,25,80,ELASTIC_NET
44.45,,0.1322314049586777,,50,80,ELASTIC_NET
56.45,,0.180327868852459,,75,80,ELASTIC_NET
35.1,0.0,0.0338983050847457,0.0338983050847457,25,81,random_forest
45.4,0.5,0.0413223140495867,0.5413223140495868,50,81,random_forest
58.5,0.0,0.2,0.2,75,81,random_forest
35.1,0.0,0.6271186440677966,0.6271186440677966,25,81,LASSO
45.4,0.0,0.0,0.0,50,81,LASSO
58.5,0.0,0.0,0.0,75,81,LASSO
35.1,0.0,0.0,0.0,25,81,RIDGE
45.4,0.0,0.0,0.0,50,81,RIDGE
58.5,0.0,0.0,0.0,75,81,RIDGE
35.1,0.0,0.0,0.0,25,81,ELASTIC_NET
45.4,0.0,0.0,0.0,50,81,ELASTIC_NET
58.5,0.0,0.0,0.0,75,81,ELASTIC_NET
34.9,0.25,-0.1348314606741573,0.1151685393258427,25,82,random_forest
45.8,1.0,-0.140495867768595,0.859504132231405,50,82,random_forest
59.1,,-0.032258064516129,,75,82,random_forest
34.9,0.25,-0.0505617977528089,0.199438202247191,25,82,LASSO
45.8,1.0,-0.1157024793388429,0.884297520661157,50,82,LASSO
59.1,,0.6451612903225806,,75,82,LASSO
34.9,0.0,0.0,0.0,25,82,RIDGE
45.8,0.0,0.0,0.0,50,82,RIDGE
59.1,,0.0,,75,82,RIDGE
34.9,0.25,-0.095505617977528,0.1544943820224719,25,82,ELASTIC_NET
45.8,0.0,0.5454545454545454,0.5454545454545454,50,82,ELASTIC_NET
59.1,,0.4677419354838709,,75,82,ELASTIC_NET
32.95,-0.125,0.0346820809248554,-0.0903179190751445,25,83,random_forest
44.05,0.0,0.1416666666666666,0.1416666666666666,50,83,random_forest
57.15,0.0,0.1166666666666666,0.1166666666666666,75,83,random_forest
32.95,-0.375,0.653179190751445,0.278179190751445,25,83,LASSO
44.05,0.0,0.475,0.475,50,83,LASSO
57.15,0.0,0.55,0.55,75,83,LASSO
32.95,0.0,0.0,0.0,25,83,RIDGE
44.05,0.0,0.0,0.0,50,83,RIDGE
57.15,0.0,0.0,0.0,75,83,RIDGE
32.95,-0.25,0.6416184971098265,0.3916184971098265,25,83,ELASTIC_NET
44.05,0.0,0.4666666666666667,0.4666666666666667,50,83,ELASTIC_NET
57.15,0.0,0.5333333333333333,0.5333333333333333,75,83,ELASTIC_NET
33.95,0.0,-0.1676300578034682,-0.1676300578034682,25,84,random_forest
45.4,0.0,-0.1239669421487603,-0.1239669421487603,50,84,random_forest
55.675,0.0,-0.2166666666666666,-0.2166666666666666,75,84,random_forest
33.95,-0.25,0.6242774566473989,0.3742774566473988,25,84,LASSO
45.4,0.0,0.6115702479338843,0.6115702479338843,50,84,LASSO
55.675,1.0,0.5333333333333333,1.5333333333333332,75,84,LASSO
33.95,0.0,0.0,0.0,25,84,RIDGE
45.4,0.0,0.0,0.0,50,84,RIDGE
55.675,0.0,0.0,0.0,75,84,RIDGE
33.95,-0.25,0.4797687861271676,0.2297687861271676,25,84,ELASTIC_NET
45.4,0.0,0.0,0.0,50,84,ELASTIC_NET
55.675,0.0,0.0,0.0,75,84,ELASTIC_NET
34.75,0.2,-0.0568181818181818,0.1431818181818182,25,85,random_forest
44.55,0.0,0.0666666666666666,0.0666666666666666,50,85,random_forest
57.85,,-0.0491803278688524,,75,85,random_forest
34.75,0.4,-0.1193181818181818,0.2806818181818182,25,85,LASSO
44.55,0.0,0.3833333333333333,0.3833333333333333,50,85,LASSO
57.85,,0.6065573770491803,,75,85,LASSO
34.75,0.0,0.0,0.0,25,85,RIDGE
44.55,0.0,0.0,0.0,50,85,RIDGE
57.85,,0.0,,75,85,RIDGE
34.75,0.4,-0.1136363636363636,0.2863636363636364,25,85,ELASTIC_NET
44.55,0.0,0.6916666666666667,0.6916666666666667,50,85,ELASTIC_NET
57.85,,0.6065573770491803,,75,85,ELASTIC_NET
34.925,0.0,0.0171428571428571,0.0171428571428571,25,86,random_forest
45.2,0.0,0.042016806722689,0.042016806722689,50,86,random_forest
57.15,0.0,-0.0166666666666666,-0.0166666666666666,75,86,random_forest
34.925,-0.1666666666666666,0.5314285714285715,0.3647619047619048,25,86,LASSO
45.2,0.0,0.5798319327731093,0.5798319327731093,50,86,LASSO
57.15,0.0,0.15,0.15,75,86,LASSO
34.925,0.0,0.0,0.0,25,86,RIDGE
45.2,0.0,0.0,0.0,50,86,RIDGE
57.15,0.0,0.0,0.0,75,86,RIDGE
34.925,-0.1666666666666666,0.56,0.3933333333333334,25,86,ELASTIC_NET
45.2,0.0,0.5294117647058824,0.5294117647058824,50,86,ELASTIC_NET
57.15,0.0,0.4166666666666667,0.4166666666666667,75,86,ELASTIC_NET
34.4,0.0,0.0338983050847457,0.0338983050847457,25,87,random_forest
44.35,,-0.024793388429752,,50,87,random_forest
57.975,,-0.0327868852459016,,75,87,random_forest
34.4,0.0,0.2824858757062147,0.2824858757062147,25,87,LASSO
44.35,,0.396694214876033,,50,87,LASSO
57.975,,0.4426229508196721,,75,87,LASSO
34.4,0.0,0.0,0.0,25,87,RIDGE
44.35,,0.0,,50,87,RIDGE
57.975,,0.0,,75,87,RIDGE
34.4,-0.1428571428571428,0.6610169491525424,0.5181598062953996,25,87,ELASTIC_NET
44.35,,0.628099173553719,,50,87,ELASTIC_NET
57.975,,0.6229508196721312,,75,87,ELASTIC_NET
33.95,0.0,-0.0677966101694915,-0.0677966101694915,25,88,random_forest
44.55,0.0,-0.1333333333333333,-0.1333333333333333,50,88,random_forest
58.825,,-0.0491803278688524,,75,88,random_forest
33.95,-0.25,0.6101694915254238,0.3601694915254237,25,88,LASSO
44.55,0.0,0.6583333333333333,0.6583333333333333,50,88,LASSO
58.825,,0.5245901639344263,,75,88,LASSO
33.95,0.0,0.0,0.0,25,88,RIDGE
44.55,0.0,0.0,0.0,50,88,RIDGE
58.825,,0.0,,75,88,RIDGE
33.95,0.0,0.480225988700565,0.480225988700565,25,88,ELASTIC_NET
44.55,0.0,0.1416666666666666,0.1416666666666666,50,88,ELASTIC_NET
58.825,,0.081967213114754,,75,88,ELASTIC_NET
34.4,0.3333333333333333,-0.3089887640449438,0.0243445692883895,25,89,random_forest
45.2,1.0,-0.175,0.825,50,89,random_forest
57.975,,0.0491803278688524,,75,89,random_forest
34.4,-0.3333333333333333,0.6685393258426966,0.3352059925093633,25,89,LASSO
45.2,0.0,0.675,0.675,50,89,LASSO
57.975,,0.6229508196721312,,75,89,LASSO
34.4,0.0,0.0,0.0,25,89,RIDGE
45.2,0.0,0.0,0.0,50,89,RIDGE
57.975,,0.0,,75,89,RIDGE
34.4,-0.3333333333333333,0.6741573033707865,0.3408239700374532,25,89,ELASTIC_NET
45.2,0.0,0.675,0.675,50,89,ELASTIC_NET
57.975,,0.6557377049180327,,75,89,ELASTIC_NET
33.95,0.2857142857142857,-0.1896551724137931,0.0960591133004926,25,90,random_forest
44.55,0.5,-0.1260504201680672,0.3739495798319328,50,90,random_forest
58.0,0.0,0.0,0.0,75,90,random_forest
33.95,0.2857142857142857,-0.1091954022988505,0.1765188834154351,25,90,LASSO
44.55,1.0,-0.1428571428571428,0.8571428571428572,50,90,LASSO
58.0,1.0,-0.1475409836065573,0.8524590163934427,75,90,LASSO
33.95,0.0,0.0,0.0,25,90,RIDGE
44.55,0.0,0.0,0.0,50,90,RIDGE
58.0,0.0,0.0,0.0,75,90,RIDGE
33.95,0.2857142857142857,-0.1666666666666666,0.119047619047619,25,90,ELASTIC_NET
44.55,0.5,-0.0588235294117647,0.4411764705882353,50,90,ELASTIC_NET
58.0,0.0,-0.4590163934426229,-0.4590163934426229,75,90,ELASTIC_NET
34.4,0.0,-0.0112359550561797,-0.0112359550561797,25,91,random_forest
44.5,0.0,0.0661157024793388,0.0661157024793388,50,91,random_forest
55.275,,0.0983606557377049,,75,91,random_forest
34.4,-0.2,0.5730337078651685,0.3730337078651685,25,91,LASSO
44.5,0.0,0.628099173553719,0.628099173553719,50,91,LASSO
55.275,,0.5245901639344263,,75,91,LASSO
34.4,0.0,0.0,0.0,25,91,RIDGE
44.5,0.0,0.0,0.0,50,91,RIDGE
55.275,,0.0,,75,91,RIDGE
34.4,0.0,0.0,0.0,25,91,ELASTIC_NET
44.5,0.0,0.0,0.0,50,91,ELASTIC_NET
55.275,,0.0,,75,91,ELASTIC_NET
33.65,0.0,0.0285714285714285,0.0285714285714285,25,92,random_forest
44.4,0.0,-0.024793388429752,-0.024793388429752,50,92,random_forest
55.5,0.0,-0.05,-0.05,75,92,random_forest
33.65,0.0,0.0628571428571428,0.0628571428571428,25,92,LASSO
44.4,0.0,0.0578512396694214,0.0578512396694214,50,92,LASSO
55.5,1.0,0.4333333333333333,1.4333333333333331,75,92,LASSO
33.65,0.0,0.0,0.0,25,92,RIDGE
44.4,0.0,0.0,0.0,50,92,RIDGE
55.5,0.0,0.0,0.0,75,92,RIDGE
33.65,0.0,0.0685714285714285,0.0685714285714285,25,92,ELASTIC_NET
44.4,0.0,0.2479338842975206,0.2479338842975206,50,92,ELASTIC_NET
55.5,1.0,0.3666666666666666,1.3666666666666667,75,92,ELASTIC_NET
34.75,0.1666666666666666,0.1314285714285714,0.2980952380952381,25,93,random_forest
45.8,0.0,0.2416666666666666,0.2416666666666666,50,93,random_forest
58.5,0.0,0.1833333333333333,0.1833333333333333,75,93,random_forest
34.75,-0.1666666666666666,0.68,0.5133333333333334,25,93,LASSO
45.8,0.0,0.5333333333333333,0.5333333333333333,50,93,LASSO
58.5,0.0,0.1166666666666666,0.1166666666666666,75,93,LASSO
34.75,0.0,0.0,0.0,25,93,RIDGE
45.8,0.0,0.0,0.0,50,93,RIDGE
58.5,0.0,0.0,0.0,75,93,RIDGE
34.75,0.0,0.4457142857142857,0.4457142857142857,25,93,ELASTIC_NET
45.8,0.0,0.0916666666666666,0.0916666666666666,50,93,ELASTIC_NET
58.5,0.0,0.0833333333333333,0.0833333333333333,75,93,ELASTIC_NET
33.85,0.0,-0.03954802259887,-0.03954802259887,25,94,random_forest
45.2,0.0,0.0,0.0,50,94,random_forest
59.1,0.0,-0.0327868852459016,-0.0327868852459016,75,94,random_forest
33.85,0.0,0.1638418079096045,0.1638418079096045,25,94,LASSO
45.2,0.0,0.3949579831932773,0.3949579831932773,50,94,LASSO
59.1,0.0,0.5081967213114754,0.5081967213114754,75,94,LASSO
33.85,0.0,0.0,0.0,25,94,RIDGE
45.2,0.0,0.0,0.0,50,94,RIDGE
59.1,0.0,0.0,0.0,75,94,RIDGE
33.85,0.0,0.3050847457627119,0.3050847457627119,25,94,ELASTIC_NET
45.2,0.0,0.3277310924369748,0.3277310924369748,50,94,ELASTIC_NET
59.1,0.0,0.4426229508196721,0.4426229508196721,75,94,ELASTIC_NET
32.95,0.25,-0.0289017341040462,0.2210982658959537,25,95,random_forest
42.7,0.0,0.0,0.0,50,95,random_forest
57.15,0.0,-0.05,-0.05,75,95,random_forest
32.95,-0.25,0.6473988439306358,0.3973988439306358,25,95,LASSO
42.7,0.0,0.6554621848739496,0.6554621848739496,50,95,LASSO
57.15,0.0,0.65,0.65,75,95,LASSO
32.95,0.0,0.0,0.0,25,95,RIDGE
42.7,0.0,0.0,0.0,50,95,RIDGE
57.15,0.0,0.0,0.0,75,95,RIDGE
32.95,-0.25,0.6647398843930635,0.4147398843930635,25,95,ELASTIC_NET
42.7,0.0,0.6554621848739496,0.6554621848739496,50,95,ELASTIC_NET
57.15,0.0,0.6666666666666666,0.6666666666666666,75,95,ELASTIC_NET
33.525,0.1428571428571428,-0.0804597701149425,0.0623973727422003,25,96,random_forest
44.55,0.0,-0.042016806722689,-0.042016806722689,50,96,random_forest
58.975,0.0,-0.05,-0.05,75,96,random_forest
33.525,0.0,0.6896551724137931,0.6896551724137931,25,96,LASSO
44.55,0.5,0.6554621848739496,1.1554621848739497,50,96,LASSO
58.975,1.0,0.6666666666666666,1.6666666666666663,75,96,LASSO
33.525,0.0,0.0,0.0,25,96,RIDGE
44.55,0.0,0.0,0.0,50,96,RIDGE
58.975,0.0,0.0,0.0,75,96,RIDGE
33.525,0.0,0.5977011494252874,0.5977011494252874,25,96,ELASTIC_NET
44.55,0.0,0.6134453781512605,0.6134453781512605,50,96,ELASTIC_NET
58.975,0.0,0.5166666666666667,0.5166666666666667,75,96,ELASTIC_NET
34.675,0.0,-0.0454545454545454,-0.0454545454545454,25,97,random_forest
45.8,0.0,-0.1166666666666666,-0.1166666666666666,50,97,random_forest
58.9,0.0,-0.0166666666666666,-0.0166666666666666,75,97,random_forest
34.675,0.2,-0.125,0.075,25,97,LASSO
45.8,0.5,-0.1833333333333333,0.3166666666666666,50,97,LASSO
58.9,0.0,0.15,0.15,75,97,LASSO
34.675,0.0,0.0,0.0,25,97,RIDGE
45.8,0.0,0.0,0.0,50,97,RIDGE
58.9,0.0,0.0,0.0,75,97,RIDGE
34.675,0.0,0.5625,0.5625,25,97,ELASTIC_NET
45.8,0.0,0.0583333333333333,0.0583333333333333,50,97,ELASTIC_NET
58.9,0.0,0.0,0.0,75,97,ELASTIC_NET
34.4,0.1111111111111111,0.0289017341040462,0.1400128452151573,25,98,random_forest
45.3,0.0,0.1074380165289256,0.1074380165289256,50,98,random_forest
58.075,0.0,0.1,0.1,75,98,random_forest
34.4,-0.1111111111111111,0.6589595375722543,0.5478484264611432,25,98,LASSO
45.3,0.5,0.6115702479338843,1.1115702479338845,50,98,LASSO
58.075,0.0,0.5833333333333334,0.5833333333333334,75,98,LASSO
34.4,0.0,0.0,0.0,25,98,RIDGE
45.3,0.0,0.0,0.0,50,98,RIDGE
58.075,0.0,0.0,0.0,75,98,RIDGE
34.4,-0.1111111111111111,0.6473988439306358,0.5362877328195248,25,98,ELASTIC_NET
45.3,0.5,0.5785123966942148,1.0785123966942147,50,98,ELASTIC_NET
58.075,0.0,0.4333333333333333,0.4333333333333333,75,98,ELASTIC_NET
34.4,0.0,-0.0505617977528089,-0.0505617977528089,25,99,random_forest
44.45,,-0.0495867768595041,,50,99,random_forest
57.775,,-0.0327868852459016,,75,99,random_forest
34.4,0.5,-0.1011235955056179,0.398876404494382,25,99,LASSO
44.45,,0.628099173553719,,50,99,LASSO
57.775,,0.6721311475409836,,75,99,LASSO
34.4,0.0,0.0,0.0,25,99,RIDGE
44.45,,0.0,,50,99,RIDGE
57.775,,0.0,,75,99,RIDGE
34.4,-0.25,0.5449438202247191,0.2949438202247191,25,99,ELASTIC_NET
44.45,,0.512396694214876,,50,99,ELASTIC_NET
57.775,,0.5245901639344263,,75,99,ELASTIC_NET
31.925,0.0,0.0057142857142857,0.0057142857142857,25,100,random_forest
44.1,,-0.0081967213114754,,50,100,random_forest
57.975,,0.0,,75,100,random_forest
31.925,-0.3333333333333333,0.3942857142857143,0.0609523809523809,25,100,LASSO
44.1,,0.4918032786885246,,50,100,LASSO
57.975,,0.5245901639344263,,75,100,LASSO
31.925,0.0,0.0,0.0,25,100,RIDGE
44.1,,0.0,,50,100,RIDGE
57.975,,0.0,,75,100,RIDGE
31.924999999999997,-0.5,0.6114285714285714,0.11142857142857143,25,100,ELASTIC_NET
44.1,,0.5081967213114754,,50,100,ELASTIC_NET
57.975,,0.5409836065573771,,75,100,ELASTIC_NET
