Feature,VIF,random_state
const,16.871821506788944,1
Size_cm,1.05505376447803,1
Ki67,1.1388171224529129,1
Age_at_surgery,1.045005278089575,1
CNA_Subtype_Chr8p21_del,1.6158412762719705,1
CNA_Subtype_Chr9p23_amp,1.5684425690305692,1
CNA_Subtype_Chr12p13_amp,1.6584447060430303,1
CNA_Subtype_Chr13q34_amp,1.4052701153205365,1
CNA_Subtype_Chr20q13_amp,1.4481317709312578,1
CNA_Subtype_Low_CIN,2.17290863574671,1
pr3004_huwe1,1.0794196409911712,1
pr9001_cald1,1.1268823963445715,1
pr12191_tank,1.1320116467106476,1
pr19936_tpm4,1.0941248617071326,1
pr41492_ftx,1.1278955454156008,1
const,16.093321835247764,2
Size_cm,1.055360806051408,2
Ki67,1.1605126483973156,2
Age_at_surgery,1.1034087400888215,2
CNA_Subtype_Chr8p21_del,1.5857505365977922,2
CNA_Subtype_Chr9p23_amp,1.5956800990717606,2
CNA_Subtype_Chr12p13_amp,1.7513260343890191,2
CNA_Subtype_Chr13q34_amp,1.4153948308862832,2
CNA_Subtype_Chr20q13_amp,1.4785364422640377,2
CNA_Subtype_Low_CIN,2.229809475200641,2
pr3004_huwe1,1.1365455572554524,2
pr9001_cald1,1.09155415723171,2
pr12191_tank,1.113740854619023,2
pr19936_tpm4,1.107538561215437,2
pr41492_ftx,1.179659422759782,2
const,16.861390126578872,3
Size_cm,1.0396113535558682,3
Ki67,1.128554637412638,3
Age_at_surgery,1.0682913384489308,3
CNA_Subtype_Chr8p21_del,1.6867422441938045,3
CNA_Subtype_Chr9p23_amp,1.6557928042771517,3
CNA_Subtype_Chr12p13_amp,1.674343714016303,3
CNA_Subtype_Chr13q34_amp,1.4463597220391538,3
CNA_Subtype_Chr20q13_amp,1.5436161567708817,3
CNA_Subtype_Low_CIN,2.2008126086574835,3
pr3004_huwe1,1.118513096103836,3
pr9001_cald1,1.1485806833469898,3
pr12191_tank,1.090127405534343,3
pr19936_tpm4,1.1245747136802595,3
pr41492_ftx,1.150004636172962,3
const,15.515222512591434,4
Size_cm,1.0413963552998962,4
Ki67,1.170978532248986,4
Age_at_surgery,1.0382699511494642,4
CNA_Subtype_Chr8p21_del,1.6177031257296373,4
CNA_Subtype_Chr9p23_amp,1.665198318449426,4
CNA_Subtype_Chr12p13_amp,1.586120649798208,4
CNA_Subtype_Chr13q34_amp,1.3777851586365744,4
CNA_Subtype_Chr20q13_amp,1.4635556214204843,4
CNA_Subtype_Low_CIN,2.1164699549910444,4
pr3004_huwe1,1.072009182502271,4
pr9001_cald1,1.1426028967037034,4
pr12191_tank,1.1815602275776012,4
pr19936_tpm4,1.1376253452621252,4
pr41492_ftx,1.2306517623635382,4
const,15.894254737578898,5
Size_cm,1.0792114269315838,5
Ki67,1.1590975879223888,5
Age_at_surgery,1.064294783042108,5
CNA_Subtype_Chr8p21_del,1.6301096550569971,5
CNA_Subtype_Chr9p23_amp,1.6248927410787326,5
CNA_Subtype_Chr12p13_amp,1.7366162620820622,5
CNA_Subtype_Chr13q34_amp,1.410621643715165,5
CNA_Subtype_Chr20q13_amp,1.4917707068040316,5
CNA_Subtype_Low_CIN,2.148266104845964,5
pr3004_huwe1,1.0963647093448108,5
pr9001_cald1,1.0891976626575437,5
pr12191_tank,1.136816274813883,5
pr19936_tpm4,1.0839087864517063,5
pr41492_ftx,1.1613939512387352,5
const,15.674959915232655,6
Size_cm,1.0307885765760034,6
Ki67,1.1545527420502633,6
Age_at_surgery,1.0654332494560372,6
CNA_Subtype_Chr8p21_del,1.563383922742671,6
CNA_Subtype_Chr9p23_amp,1.5120366597044992,6
CNA_Subtype_Chr12p13_amp,1.6281910591559214,6
CNA_Subtype_Chr13q34_amp,1.2924282713287538,6
CNA_Subtype_Chr20q13_amp,1.409139443568914,6
CNA_Subtype_Low_CIN,1.972885719465627,6
pr3004_huwe1,1.111167045217481,6
pr9001_cald1,1.120017260979251,6
pr12191_tank,1.123583543762433,6
pr19936_tpm4,1.0793160099725647,6
pr41492_ftx,1.1633841988245464,6
const,15.636919235193677,7
Size_cm,1.0428526926037536,7
Ki67,1.1091163487755469,7
Age_at_surgery,1.058416626387988,7
CNA_Subtype_Chr8p21_del,1.5291363228604886,7
CNA_Subtype_Chr9p23_amp,1.543009631554198,7
CNA_Subtype_Chr12p13_amp,1.5193366064389326,7
CNA_Subtype_Chr13q34_amp,1.3506477646655848,7
CNA_Subtype_Chr20q13_amp,1.3051607523725377,7
CNA_Subtype_Low_CIN,1.939679041941188,7
pr3004_huwe1,1.102675261381979,7
pr9001_cald1,1.1379789316263698,7
pr12191_tank,1.077110307700896,7
pr19936_tpm4,1.1036320428983233,7
pr41492_ftx,1.1262832459839411,7
const,16.85475853064426,8
Size_cm,1.0526843246962088,8
Ki67,1.135661091965934,8
Age_at_surgery,1.0340574928397546,8
CNA_Subtype_Chr8p21_del,1.6375969994351738,8
CNA_Subtype_Chr9p23_amp,1.4890169865783955,8
CNA_Subtype_Chr12p13_amp,1.6928219376822182,8
CNA_Subtype_Chr13q34_amp,1.362268195717394,8
CNA_Subtype_Chr20q13_amp,1.4076267242067009,8
CNA_Subtype_Low_CIN,2.12286145698219,8
pr3004_huwe1,1.1030961719196524,8
pr9001_cald1,1.1634471286604529,8
pr12191_tank,1.1237572717302209,8
pr19936_tpm4,1.086838508660481,8
pr41492_ftx,1.1633445264211817,8
const,16.79752940717692,9
Size_cm,1.0232917026836394,9
Ki67,1.2165147852979248,9
Age_at_surgery,1.0843974718877645,9
CNA_Subtype_Chr8p21_del,1.5989652872338844,9
CNA_Subtype_Chr9p23_amp,1.5316705497826186,9
CNA_Subtype_Chr12p13_amp,1.679090903472612,9
CNA_Subtype_Chr13q34_amp,1.3417232291898586,9
CNA_Subtype_Chr20q13_amp,1.4301327640156305,9
CNA_Subtype_Low_CIN,2.195540327675529,9
pr3004_huwe1,1.1235759977935695,9
pr9001_cald1,1.0997042814620523,9
pr12191_tank,1.1136251634926526,9
pr19936_tpm4,1.0969994803125225,9
pr41492_ftx,1.1329828913051274,9
const,18.30769705551786,10
Size_cm,1.0655692805182535,10
Ki67,1.1298555607277638,10
Age_at_surgery,1.074567518184368,10
CNA_Subtype_Chr8p21_del,1.570234552790731,10
CNA_Subtype_Chr9p23_amp,1.5258621964379817,10
CNA_Subtype_Chr12p13_amp,1.4754125858015656,10
CNA_Subtype_Chr13q34_amp,1.317306741502317,10
CNA_Subtype_Chr20q13_amp,1.430764605983592,10
CNA_Subtype_Low_CIN,1.950864826788708,10
pr3004_huwe1,1.1069454772207006,10
pr9001_cald1,1.1135837954386736,10
pr12191_tank,1.089379358412456,10
pr19936_tpm4,1.0983566832980145,10
pr41492_ftx,1.1754490943921518,10
const,16.798155083717283,11
Size_cm,1.038456491537202,11
Ki67,1.1549218279795257,11
Age_at_surgery,1.0497295737653771,11
CNA_Subtype_Chr8p21_del,1.6230751289877816,11
CNA_Subtype_Chr9p23_amp,1.522792590865834,11
CNA_Subtype_Chr12p13_amp,1.7350891530963588,11
CNA_Subtype_Chr13q34_amp,1.4240259985868788,11
CNA_Subtype_Chr20q13_amp,1.366106727766015,11
CNA_Subtype_Low_CIN,2.1806773599310443,11
pr3004_huwe1,1.1131037081171746,11
pr9001_cald1,1.0799589658894255,11
pr12191_tank,1.143379121873423,11
pr19936_tpm4,1.08308086380517,11
pr41492_ftx,1.1749761134244967,11
const,16.885305494372293,12
Size_cm,1.0795226122042882,12
Ki67,1.1149934209948436,12
Age_at_surgery,1.0432755481600713,12
CNA_Subtype_Chr8p21_del,1.8340084178067324,12
CNA_Subtype_Chr9p23_amp,1.5740344522486371,12
CNA_Subtype_Chr12p13_amp,1.7691563167976134,12
CNA_Subtype_Chr13q34_amp,1.356374321549231,12
CNA_Subtype_Chr20q13_amp,1.4398064815448095,12
CNA_Subtype_Low_CIN,2.2231023386506608,12
pr3004_huwe1,1.082552946957622,12
pr9001_cald1,1.08945824546116,12
pr12191_tank,1.0867133953427934,12
pr19936_tpm4,1.096259472544257,12
pr41492_ftx,1.1691019562243845,12
const,16.516594848982795,13
Size_cm,1.0741014902545007,13
Ki67,1.132458929310597,13
Age_at_surgery,1.0530127748924225,13
CNA_Subtype_Chr8p21_del,1.6425287978509389,13
CNA_Subtype_Chr9p23_amp,1.5584201766338934,13
CNA_Subtype_Chr12p13_amp,1.5840858206105906,13
CNA_Subtype_Chr13q34_amp,1.3897404425518023,13
CNA_Subtype_Chr20q13_amp,1.416346192050209,13
CNA_Subtype_Low_CIN,2.0851090205955902,13
pr3004_huwe1,1.1008181702114297,13
pr9001_cald1,1.1424701328673232,13
pr12191_tank,1.0881923179349569,13
pr19936_tpm4,1.098306846822491,13
pr41492_ftx,1.1442559867746158,13
const,16.538378584451788,14
Size_cm,1.075686810104986,14
Ki67,1.1417930264037188,14
Age_at_surgery,1.058322301598273,14
CNA_Subtype_Chr8p21_del,1.6779743459825145,14
CNA_Subtype_Chr9p23_amp,1.5618481249157068,14
CNA_Subtype_Chr12p13_amp,1.7443460393236323,14
CNA_Subtype_Chr13q34_amp,1.3507893453538529,14
CNA_Subtype_Chr20q13_amp,1.4412796955341205,14
CNA_Subtype_Low_CIN,2.2027467696850302,14
pr3004_huwe1,1.0675041050850025,14
pr9001_cald1,1.1336236428235038,14
pr12191_tank,1.1029075547756184,14
pr19936_tpm4,1.1112734168639964,14
pr41492_ftx,1.1366207665328931,14
const,17.278012532832545,15
Size_cm,1.0328038534931474,15
Ki67,1.123773976244334,15
Age_at_surgery,1.0829374878643483,15
CNA_Subtype_Chr8p21_del,1.6168612001825462,15
CNA_Subtype_Chr9p23_amp,1.4709438861515407,15
CNA_Subtype_Chr12p13_amp,1.6799262751317845,15
CNA_Subtype_Chr13q34_amp,1.3792675983704263,15
CNA_Subtype_Chr20q13_amp,1.3716623897738396,15
CNA_Subtype_Low_CIN,2.133609800772605,15
pr3004_huwe1,1.1255999785268065,15
pr9001_cald1,1.078716985762304,15
pr12191_tank,1.0684570360966326,15
pr19936_tpm4,1.0806472221976349,15
pr41492_ftx,1.1972080257071382,15
const,15.792131820140638,16
Size_cm,1.024983208623361,16
Ki67,1.1260395137070336,16
Age_at_surgery,1.059049831571696,16
CNA_Subtype_Chr8p21_del,1.5927613500054405,16
CNA_Subtype_Chr9p23_amp,1.6120554649948458,16
CNA_Subtype_Chr12p13_amp,1.5233070872078676,16
CNA_Subtype_Chr13q34_amp,1.4154895531544478,16
CNA_Subtype_Chr20q13_amp,1.420499433390871,16
CNA_Subtype_Low_CIN,1.9918658363738475,16
pr3004_huwe1,1.124287071663155,16
pr9001_cald1,1.120353199832951,16
pr12191_tank,1.0667261056535768,16
pr19936_tpm4,1.0964749999637775,16
pr41492_ftx,1.155678771893502,16
const,17.09794849623623,17
Size_cm,1.0391400184552988,17
Ki67,1.1430392537814016,17
Age_at_surgery,1.0675025070447182,17
CNA_Subtype_Chr8p21_del,1.5730286138496352,17
CNA_Subtype_Chr9p23_amp,1.596088729542798,17
CNA_Subtype_Chr12p13_amp,1.783265712830338,17
CNA_Subtype_Chr13q34_amp,1.3667832291596589,17
CNA_Subtype_Chr20q13_amp,1.4916772325184844,17
CNA_Subtype_Low_CIN,2.219945673018924,17
pr3004_huwe1,1.119173569613496,17
pr9001_cald1,1.0693362091333212,17
pr12191_tank,1.094983383248349,17
pr19936_tpm4,1.0876252608541317,17
pr41492_ftx,1.1709240706085655,17
const,17.588660011413847,18
Size_cm,1.0458011644113798,18
Ki67,1.1142270446730458,18
Age_at_surgery,1.0570368413613958,18
CNA_Subtype_Chr8p21_del,1.7233438754935997,18
CNA_Subtype_Chr9p23_amp,1.6797853308215502,18
CNA_Subtype_Chr12p13_amp,1.6907966610371228,18
CNA_Subtype_Chr13q34_amp,1.3812965763255924,18
CNA_Subtype_Chr20q13_amp,1.4505714633017497,18
CNA_Subtype_Low_CIN,2.330921431566856,18
pr3004_huwe1,1.140432662710989,18
pr9001_cald1,1.1083320434255668,18
pr12191_tank,1.0737099455947436,18
pr19936_tpm4,1.0831001997580203,18
pr41492_ftx,1.1824251964195756,18
const,16.903253492465566,19
Size_cm,1.0483473538771666,19
Ki67,1.1903885753398784,19
Age_at_surgery,1.0275713760493317,19
CNA_Subtype_Chr8p21_del,1.67302992231355,19
CNA_Subtype_Chr9p23_amp,1.6712067652631146,19
CNA_Subtype_Chr12p13_amp,1.6130857818575444,19
CNA_Subtype_Chr13q34_amp,1.3397251632062792,19
CNA_Subtype_Chr20q13_amp,1.500582987684041,19
CNA_Subtype_Low_CIN,2.1357704688178063,19
pr3004_huwe1,1.0890960303654036,19
pr9001_cald1,1.121319755745192,19
pr12191_tank,1.0973487612194597,19
pr19936_tpm4,1.1064200226881007,19
pr41492_ftx,1.1844551565931198,19
const,16.155696030523337,20
Size_cm,1.0776575329740332,20
Ki67,1.152459187901744,20
Age_at_surgery,1.0490950340411511,20
CNA_Subtype_Chr8p21_del,1.7863305975038244,20
CNA_Subtype_Chr9p23_amp,1.7959541149083174,20
CNA_Subtype_Chr12p13_amp,1.831315506866876,20
CNA_Subtype_Chr13q34_amp,1.4349782390342691,20
CNA_Subtype_Chr20q13_amp,1.609555182636434,20
CNA_Subtype_Low_CIN,2.380952735166479,20
pr3004_huwe1,1.103596719865393,20
pr9001_cald1,1.0746449526815025,20
pr12191_tank,1.0973802926303375,20
pr19936_tpm4,1.0865210793076232,20
pr41492_ftx,1.2097229904346205,20
const,17.174598892373012,21
Size_cm,1.09002129878369,21
Ki67,1.1631477472959175,21
Age_at_surgery,1.0702831769832295,21
CNA_Subtype_Chr8p21_del,1.805664717173189,21
CNA_Subtype_Chr9p23_amp,1.7222802270364703,21
CNA_Subtype_Chr12p13_amp,1.906227608420772,21
CNA_Subtype_Chr13q34_amp,1.4098124514229886,21
CNA_Subtype_Chr20q13_amp,1.4473261778579511,21
CNA_Subtype_Low_CIN,2.420959556240405,21
pr3004_huwe1,1.0443182468040333,21
pr9001_cald1,1.112169674329772,21
pr12191_tank,1.0868613406867291,21
pr19936_tpm4,1.0871777458937018,21
pr41492_ftx,1.1130137586684907,21
const,16.174629455648926,22
Size_cm,1.0613397781590757,22
Ki67,1.1550881270081843,22
Age_at_surgery,1.0464663590667649,22
CNA_Subtype_Chr8p21_del,1.6520136882052436,22
CNA_Subtype_Chr9p23_amp,1.604877739757753,22
CNA_Subtype_Chr12p13_amp,1.55783949315483,22
CNA_Subtype_Chr13q34_amp,1.446539322582899,22
CNA_Subtype_Chr20q13_amp,1.3523286824862923,22
CNA_Subtype_Low_CIN,2.180209989308027,22
pr3004_huwe1,1.1089810485732023,22
pr9001_cald1,1.1094773611985311,22
pr12191_tank,1.0706917618317005,22
pr19936_tpm4,1.094748052587017,22
pr41492_ftx,1.165966241174253,22
const,18.1167373889138,23
Size_cm,1.01279786198769,23
Ki67,1.1413257666263663,23
Age_at_surgery,1.0340581325792275,23
CNA_Subtype_Chr8p21_del,1.7955427592939917,23
CNA_Subtype_Chr9p23_amp,1.806813578379292,23
CNA_Subtype_Chr12p13_amp,1.8410998836774064,23
CNA_Subtype_Chr13q34_amp,1.5353340351170268,23
CNA_Subtype_Chr20q13_amp,1.4645452110828152,23
CNA_Subtype_Low_CIN,2.413189059487974,23
pr3004_huwe1,1.1356068277611582,23
pr9001_cald1,1.0694152624687154,23
pr12191_tank,1.0606546778446426,23
pr19936_tpm4,1.0998400338071148,23
pr41492_ftx,1.1252834300433143,23
const,18.71301252660565,24
Size_cm,1.023155291792928,24
Ki67,1.1414758619346304,24
Age_at_surgery,1.0744673138171106,24
CNA_Subtype_Chr8p21_del,1.827598978964314,24
CNA_Subtype_Chr9p23_amp,1.6863109815641577,24
CNA_Subtype_Chr12p13_amp,1.7337541891890202,24
CNA_Subtype_Chr13q34_amp,1.4891659056848106,24
CNA_Subtype_Chr20q13_amp,1.4857386727002022,24
CNA_Subtype_Low_CIN,2.3857313857528246,24
pr3004_huwe1,1.0906320531470957,24
pr9001_cald1,1.108348171982808,24
pr12191_tank,1.134881022998375,24
pr19936_tpm4,1.0877462521980423,24
pr41492_ftx,1.1232133301688825,24
const,16.634271640862575,25
Size_cm,1.040019961882921,25
Ki67,1.1468139810398352,25
Age_at_surgery,1.0455211489021228,25
CNA_Subtype_Chr8p21_del,1.7450870163135932,25
CNA_Subtype_Chr9p23_amp,1.7182298371426936,25
CNA_Subtype_Chr12p13_amp,1.850819642052152,25
CNA_Subtype_Chr13q34_amp,1.406557348600406,25
CNA_Subtype_Chr20q13_amp,1.4716589818383852,25
CNA_Subtype_Low_CIN,2.199124920226783,25
pr3004_huwe1,1.1315054381653382,25
pr9001_cald1,1.076817027449012,25
pr12191_tank,1.1619122559423651,25
pr19936_tpm4,1.0754113918595878,25
pr41492_ftx,1.2458762365973792,25
const,16.143315051563874,26
Size_cm,1.059473156256983,26
Ki67,1.1439862713384212,26
Age_at_surgery,1.036052280219975,26
CNA_Subtype_Chr8p21_del,1.5052274532390402,26
CNA_Subtype_Chr9p23_amp,1.501541626669836,26
CNA_Subtype_Chr12p13_amp,1.5617621994555324,26
CNA_Subtype_Chr13q34_amp,1.4283836011665665,26
CNA_Subtype_Chr20q13_amp,1.3906882649329042,26
CNA_Subtype_Low_CIN,2.1235168387989014,26
pr3004_huwe1,1.1017972029406755,26
pr9001_cald1,1.1013279892530017,26
pr12191_tank,1.0646878292937796,26
pr19936_tpm4,1.0711646840146636,26
pr41492_ftx,1.1155241457079268,26
const,16.01200356328598,27
Size_cm,1.0377676448199284,27
Ki67,1.1480236700648243,27
Age_at_surgery,1.0541844208192226,27
CNA_Subtype_Chr8p21_del,1.6475041729438211,27
CNA_Subtype_Chr9p23_amp,1.5706064987629025,27
CNA_Subtype_Chr12p13_amp,1.6098483439606923,27
CNA_Subtype_Chr13q34_amp,1.364476254737404,27
CNA_Subtype_Chr20q13_amp,1.4100478581178937,27
CNA_Subtype_Low_CIN,2.0553813631256355,27
pr3004_huwe1,1.1426867551031457,27
pr9001_cald1,1.0983331234607867,27
pr12191_tank,1.1147895090567157,27
pr19936_tpm4,1.0816354703287965,27
pr41492_ftx,1.1903226315562332,27
const,16.30860666034572,28
Size_cm,1.057410672190751,28
Ki67,1.1747551112637176,28
Age_at_surgery,1.080487470686085,28
CNA_Subtype_Chr8p21_del,1.6537377970144558,28
CNA_Subtype_Chr9p23_amp,1.6472320204923332,28
CNA_Subtype_Chr12p13_amp,1.5909595778135264,28
CNA_Subtype_Chr13q34_amp,1.3731459826700625,28
CNA_Subtype_Chr20q13_amp,1.415848513027057,28
CNA_Subtype_Low_CIN,2.0777276046441595,28
pr3004_huwe1,1.0940134386362212,28
pr9001_cald1,1.141518366407466,28
pr12191_tank,1.094052688235753,28
pr19936_tpm4,1.109005873650091,28
pr41492_ftx,1.163390300454813,28
const,15.523274351516266,29
Size_cm,1.027928452795399,29
Ki67,1.120552037442088,29
Age_at_surgery,1.062602863254071,29
CNA_Subtype_Chr8p21_del,1.6057717446705893,29
CNA_Subtype_Chr9p23_amp,1.5968644049246037,29
CNA_Subtype_Chr12p13_amp,1.725357810149493,29
CNA_Subtype_Chr13q34_amp,1.3360115322363713,29
CNA_Subtype_Chr20q13_amp,1.398291978869411,29
CNA_Subtype_Low_CIN,2.147651991625205,29
pr3004_huwe1,1.146200830261628,29
pr9001_cald1,1.106069246553453,29
pr12191_tank,1.1070649718441452,29
pr19936_tpm4,1.0827852115879877,29
pr41492_ftx,1.1681648267879454,29
const,16.799259061181697,30
Size_cm,1.0492721565139478,30
Ki67,1.19137593002512,30
Age_at_surgery,1.0849456830997233,30
CNA_Subtype_Chr8p21_del,1.6470435568619142,30
CNA_Subtype_Chr9p23_amp,1.6564421980572446,30
CNA_Subtype_Chr12p13_amp,1.6486436575682013,30
CNA_Subtype_Chr13q34_amp,1.408985537811241,30
CNA_Subtype_Chr20q13_amp,1.4001875316069368,30
CNA_Subtype_Low_CIN,2.236635282475176,30
pr3004_huwe1,1.1020029839486505,30
pr9001_cald1,1.1169111594045216,30
pr12191_tank,1.0644323029011054,30
pr19936_tpm4,1.1241419928690202,30
pr41492_ftx,1.1439335373555175,30
const,16.597203856468894,31
Size_cm,1.044585310083385,31
Ki67,1.1300887400937003,31
Age_at_surgery,1.0492201123782106,31
CNA_Subtype_Chr8p21_del,1.607262297256925,31
CNA_Subtype_Chr9p23_amp,1.5403788339067634,31
CNA_Subtype_Chr12p13_amp,1.636587373442686,31
CNA_Subtype_Chr13q34_amp,1.4608904101970237,31
CNA_Subtype_Chr20q13_amp,1.376595854375613,31
CNA_Subtype_Low_CIN,2.0836628084017232,31
pr3004_huwe1,1.078428219979944,31
pr9001_cald1,1.101704741150606,31
pr12191_tank,1.0887349067797316,31
pr19936_tpm4,1.0782212995888154,31
pr41492_ftx,1.1623252991432995,31
const,14.815137733986054,32
Size_cm,1.0643099567056324,32
Ki67,1.1677630080475874,32
Age_at_surgery,1.0879611451010094,32
CNA_Subtype_Chr8p21_del,1.4742050412003895,32
CNA_Subtype_Chr9p23_amp,1.455514383863184,32
CNA_Subtype_Chr12p13_amp,1.595342906058928,32
CNA_Subtype_Chr13q34_amp,1.3554283866407937,32
CNA_Subtype_Chr20q13_amp,1.3841837614319572,32
CNA_Subtype_Low_CIN,1.9777809506417496,32
pr3004_huwe1,1.1229931247510945,32
pr9001_cald1,1.070225370137576,32
pr12191_tank,1.1050858825575507,32
pr19936_tpm4,1.0865999995892623,32
pr41492_ftx,1.1544785009605938,32
const,16.08069889033326,33
Size_cm,1.0494077387931895,33
Ki67,1.1347894256823758,33
Age_at_surgery,1.0276553540734674,33
CNA_Subtype_Chr8p21_del,1.6822636386113723,33
CNA_Subtype_Chr9p23_amp,1.6457185473162363,33
CNA_Subtype_Chr12p13_amp,1.7077113636015666,33
CNA_Subtype_Chr13q34_amp,1.331111034647365,33
CNA_Subtype_Chr20q13_amp,1.4195203331217396,33
CNA_Subtype_Low_CIN,2.2463310576805484,33
pr3004_huwe1,1.0501237696300207,33
pr9001_cald1,1.1259452672263854,33
pr12191_tank,1.1248416328036912,33
pr19936_tpm4,1.1037913566480348,33
pr41492_ftx,1.1700413688697424,33
const,16.396092562698325,34
Size_cm,1.0480646939304914,34
Ki67,1.1544136808197936,34
Age_at_surgery,1.050791117850401,34
CNA_Subtype_Chr8p21_del,1.4663017358168418,34
CNA_Subtype_Chr9p23_amp,1.5502147175038157,34
CNA_Subtype_Chr12p13_amp,1.6927879022919623,34
CNA_Subtype_Chr13q34_amp,1.4145451531258786,34
CNA_Subtype_Chr20q13_amp,1.521672912209234,34
CNA_Subtype_Low_CIN,2.1867509404735213,34
pr3004_huwe1,1.0961110737477402,34
pr9001_cald1,1.0908784355332326,34
pr12191_tank,1.0609157996686895,34
pr19936_tpm4,1.1075019251711633,34
pr41492_ftx,1.1701819531609063,34
const,15.804927598171489,35
Size_cm,1.0267952178553554,35
Ki67,1.1438764382933129,35
Age_at_surgery,1.090265658853529,35
CNA_Subtype_Chr8p21_del,1.5770491694136124,35
CNA_Subtype_Chr9p23_amp,1.552749301383986,35
CNA_Subtype_Chr12p13_amp,1.578768286194572,35
CNA_Subtype_Chr13q34_amp,1.3429371551898144,35
CNA_Subtype_Chr20q13_amp,1.3837179937664648,35
CNA_Subtype_Low_CIN,1.9927770681169,35
pr3004_huwe1,1.1429552832499166,35
pr9001_cald1,1.1277305879312536,35
pr12191_tank,1.158199080247544,35
pr19936_tpm4,1.132170053470801,35
pr41492_ftx,1.189182817075442,35
const,16.47535563532143,36
Size_cm,1.0636652546259493,36
Ki67,1.156846198697072,36
Age_at_surgery,1.0799797087541274,36
CNA_Subtype_Chr8p21_del,1.575091812678853,36
CNA_Subtype_Chr9p23_amp,1.5337114020986249,36
CNA_Subtype_Chr12p13_amp,1.6731477047670071,36
CNA_Subtype_Chr13q34_amp,1.3959189247761634,36
CNA_Subtype_Chr20q13_amp,1.3658679389659831,36
CNA_Subtype_Low_CIN,2.109662652254965,36
pr3004_huwe1,1.105222441826308,36
pr9001_cald1,1.1174487767715626,36
pr12191_tank,1.0764905397032722,36
pr19936_tpm4,1.1110383386905005,36
pr41492_ftx,1.128631927479467,36
const,16.46948168262008,37
Size_cm,1.043811955533672,37
Ki67,1.1777927023751362,37
Age_at_surgery,1.0445709091501332,37
CNA_Subtype_Chr8p21_del,1.567654060813266,37
CNA_Subtype_Chr9p23_amp,1.5450986362405064,37
CNA_Subtype_Chr12p13_amp,1.692911825348957,37
CNA_Subtype_Chr13q34_amp,1.373255460210374,37
CNA_Subtype_Chr20q13_amp,1.400212047209803,37
CNA_Subtype_Low_CIN,2.1089357579208143,37
pr3004_huwe1,1.124273708330574,37
pr9001_cald1,1.1234950237435706,37
pr12191_tank,1.071615778399445,37
pr19936_tpm4,1.139814261914792,37
pr41492_ftx,1.1707839719617523,37
const,17.675920482550247,38
Size_cm,1.0535578340935958,38
Ki67,1.1508399475875626,38
Age_at_surgery,1.0479591148947704,38
CNA_Subtype_Chr8p21_del,1.6504806897066089,38
CNA_Subtype_Chr9p23_amp,1.6495263031619816,38
CNA_Subtype_Chr12p13_amp,1.7669865861223737,38
CNA_Subtype_Chr13q34_amp,1.396938901896798,38
CNA_Subtype_Chr20q13_amp,1.4544609987319166,38
CNA_Subtype_Low_CIN,2.246460264592354,38
pr3004_huwe1,1.0767818182438946,38
pr9001_cald1,1.1269405875758265,38
pr12191_tank,1.0961815544915952,38
pr19936_tpm4,1.0718331390385127,38
pr41492_ftx,1.132948102976651,38
const,15.095384279406716,39
Size_cm,1.0487826508839146,39
Ki67,1.1931572716289738,39
Age_at_surgery,1.060223591179135,39
CNA_Subtype_Chr8p21_del,1.4485745392800873,39
CNA_Subtype_Chr9p23_amp,1.5067682093357435,39
CNA_Subtype_Chr12p13_amp,1.5061315601659102,39
CNA_Subtype_Chr13q34_amp,1.3042923928942214,39
CNA_Subtype_Chr20q13_amp,1.2667438501106103,39
CNA_Subtype_Low_CIN,1.8828181533593045,39
pr3004_huwe1,1.1282125239001557,39
pr9001_cald1,1.1042397943889033,39
pr12191_tank,1.1124255468470927,39
pr19936_tpm4,1.0808187492845036,39
pr41492_ftx,1.1441323078675882,39
const,15.678484905118838,40
Size_cm,1.0626743586974017,40
Ki67,1.149877631877749,40
Age_at_surgery,1.065838838801118,40
CNA_Subtype_Chr8p21_del,1.70998720567945,40
CNA_Subtype_Chr9p23_amp,1.5470504092743342,40
CNA_Subtype_Chr12p13_amp,1.6420505609147205,40
CNA_Subtype_Chr13q34_amp,1.46962947146141,40
CNA_Subtype_Chr20q13_amp,1.4555758439080897,40
CNA_Subtype_Low_CIN,2.2358593162363607,40
pr3004_huwe1,1.098584675319718,40
pr9001_cald1,1.1401079972110546,40
pr12191_tank,1.0502502082909582,40
pr19936_tpm4,1.1156703068573912,40
pr41492_ftx,1.1095266224671576,40
const,17.70335502078152,41
Size_cm,1.0470669202993992,41
Ki67,1.1316874421786187,41
Age_at_surgery,1.076539199664022,41
CNA_Subtype_Chr8p21_del,1.6563631212509942,41
CNA_Subtype_Chr9p23_amp,1.5572415355933196,41
CNA_Subtype_Chr12p13_amp,1.7145242813497907,41
CNA_Subtype_Chr13q34_amp,1.424299414728284,41
CNA_Subtype_Chr20q13_amp,1.3860474761937802,41
CNA_Subtype_Low_CIN,2.229357453839941,41
pr3004_huwe1,1.08128064791362,41
pr9001_cald1,1.092137386952727,41
pr12191_tank,1.0685389258269251,41
pr19936_tpm4,1.0848275514589163,41
pr41492_ftx,1.1166305666080103,41
const,17.942445674948925,42
Size_cm,1.0793634342023517,42
Ki67,1.2328829160258743,42
Age_at_surgery,1.083519008458344,42
CNA_Subtype_Chr8p21_del,1.7031084491418136,42
CNA_Subtype_Chr9p23_amp,1.6905057576050546,42
CNA_Subtype_Chr12p13_amp,1.6836339585231217,42
CNA_Subtype_Chr13q34_amp,1.4291322484213431,42
CNA_Subtype_Chr20q13_amp,1.4182967325810365,42
CNA_Subtype_Low_CIN,2.2491959785492464,42
pr3004_huwe1,1.1422415676099045,42
pr9001_cald1,1.1006427501445508,42
pr12191_tank,1.0550417672018646,42
pr19936_tpm4,1.0879100953545922,42
pr41492_ftx,1.1495436081484531,42
const,15.63108154429898,43
Size_cm,1.0320984270199882,43
Ki67,1.1165342619332463,43
Age_at_surgery,1.043353211316165,43
CNA_Subtype_Chr8p21_del,1.5829408953897566,43
CNA_Subtype_Chr9p23_amp,1.5333824612686917,43
CNA_Subtype_Chr12p13_amp,1.5392453690315384,43
CNA_Subtype_Chr13q34_amp,1.3445321825571936,43
CNA_Subtype_Chr20q13_amp,1.4021659576069023,43
CNA_Subtype_Low_CIN,1.967850324678972,43
pr3004_huwe1,1.0653132779070422,43
pr9001_cald1,1.0938201350871453,43
pr12191_tank,1.1076224447195542,43
pr19936_tpm4,1.0640305584945928,43
pr41492_ftx,1.1268700345658031,43
const,16.205478359061146,44
Size_cm,1.079822011173039,44
Ki67,1.1164989870244808,44
Age_at_surgery,1.0603727050464355,44
CNA_Subtype_Chr8p21_del,1.6286485451629482,44
CNA_Subtype_Chr9p23_amp,1.6219438080176625,44
CNA_Subtype_Chr12p13_amp,1.6268099628601131,44
CNA_Subtype_Chr13q34_amp,1.387207109263391,44
CNA_Subtype_Chr20q13_amp,1.4450628060518178,44
CNA_Subtype_Low_CIN,2.125959596591349,44
pr3004_huwe1,1.1111338046929655,44
pr9001_cald1,1.119190945102558,44
pr12191_tank,1.0532751233973388,44
pr19936_tpm4,1.0662437406053695,44
pr41492_ftx,1.1234832907250187,44
const,17.39445650652688,45
Size_cm,1.0359904449166764,45
Ki67,1.1103802749914384,45
Age_at_surgery,1.046435920813297,45
CNA_Subtype_Chr8p21_del,1.6965290048829509,45
CNA_Subtype_Chr9p23_amp,1.7137160203693027,45
CNA_Subtype_Chr12p13_amp,1.80499461378565,45
CNA_Subtype_Chr13q34_amp,1.431872310639017,45
CNA_Subtype_Chr20q13_amp,1.5058052883211628,45
CNA_Subtype_Low_CIN,2.3059027436605155,45
pr3004_huwe1,1.1503872198698584,45
pr9001_cald1,1.102184481488019,45
pr12191_tank,1.0800136893364856,45
pr19936_tpm4,1.0567334532745685,45
pr41492_ftx,1.169495355404116,45
const,17.651512968801587,46
Size_cm,1.0298743378515138,46
Ki67,1.097468282498704,46
Age_at_surgery,1.0414938813867856,46
CNA_Subtype_Chr8p21_del,1.7875608065445774,46
CNA_Subtype_Chr9p23_amp,1.701857765580293,46
CNA_Subtype_Chr12p13_amp,1.708526050331817,46
CNA_Subtype_Chr13q34_amp,1.4351122460958157,46
CNA_Subtype_Chr20q13_amp,1.4948432946133043,46
CNA_Subtype_Low_CIN,2.30100752070672,46
pr3004_huwe1,1.0883634601604837,46
pr9001_cald1,1.085462870095783,46
pr12191_tank,1.066198626751473,46
pr19936_tpm4,1.082864768471162,46
pr41492_ftx,1.1350635716389614,46
const,17.05706416549158,47
Size_cm,1.0390286486302929,47
Ki67,1.2008146745362256,47
Age_at_surgery,1.0550833586900608,47
CNA_Subtype_Chr8p21_del,1.4425632320132138,47
CNA_Subtype_Chr9p23_amp,1.625874089065288,47
CNA_Subtype_Chr12p13_amp,1.5588520515929425,47
CNA_Subtype_Chr13q34_amp,1.3071111779691005,47
CNA_Subtype_Chr20q13_amp,1.4015912946029192,47
CNA_Subtype_Low_CIN,1.9925300442010645,47
pr3004_huwe1,1.1340284419462954,47
pr9001_cald1,1.1210814224639192,47
pr12191_tank,1.1027407181554791,47
pr19936_tpm4,1.113051981124647,47
pr41492_ftx,1.1639644988568651,47
const,17.7606497598706,48
Size_cm,1.059013185077205,48
Ki67,1.185701355007288,48
Age_at_surgery,1.066840377742078,48
CNA_Subtype_Chr8p21_del,1.7950398145175477,48
CNA_Subtype_Chr9p23_amp,1.5459883207201437,48
CNA_Subtype_Chr12p13_amp,1.6181673165525892,48
CNA_Subtype_Chr13q34_amp,1.4017984952622975,48
CNA_Subtype_Chr20q13_amp,1.44809229742647,48
CNA_Subtype_Low_CIN,2.2173595375901303,48
pr3004_huwe1,1.1115782180870644,48
pr9001_cald1,1.1019783677541746,48
pr12191_tank,1.0872504472956,48
pr19936_tpm4,1.070656454612489,48
pr41492_ftx,1.179750850768179,48
const,15.827231107255058,49
Size_cm,1.033872511345416,49
Ki67,1.1501816404759997,49
Age_at_surgery,1.064443282332154,49
CNA_Subtype_Chr8p21_del,1.609993628261191,49
CNA_Subtype_Chr9p23_amp,1.4375028710115785,49
CNA_Subtype_Chr12p13_amp,1.570800288217807,49
CNA_Subtype_Chr13q34_amp,1.318248604712138,49
CNA_Subtype_Chr20q13_amp,1.4705900122252182,49
CNA_Subtype_Low_CIN,2.034564321003184,49
pr3004_huwe1,1.111008650236499,49
pr9001_cald1,1.1137175063544156,49
pr12191_tank,1.086636681451081,49
pr19936_tpm4,1.0704648747840733,49
pr41492_ftx,1.2111455795079833,49
const,15.19049032519288,50
Size_cm,1.0494070052916682,50
Ki67,1.1870687681213157,50
Age_at_surgery,1.042798684982473,50
CNA_Subtype_Chr8p21_del,1.5162870713999832,50
CNA_Subtype_Chr9p23_amp,1.4659836018680348,50
CNA_Subtype_Chr12p13_amp,1.5768360917747866,50
CNA_Subtype_Chr13q34_amp,1.3928234466015752,50
CNA_Subtype_Chr20q13_amp,1.429784842294455,50
CNA_Subtype_Low_CIN,1.8910722043167696,50
pr3004_huwe1,1.146122685195653,50
pr9001_cald1,1.104441944912398,50
pr12191_tank,1.0817796339955663,50
pr19936_tpm4,1.1047596835006797,50
pr41492_ftx,1.1359409768508515,50
const,15.033665464852453,51
Size_cm,1.0514642566447687,51
Ki67,1.1433252454605096,51
Age_at_surgery,1.0267409098447462,51
CNA_Subtype_Chr8p21_del,1.6008908676747593,51
CNA_Subtype_Chr9p23_amp,1.527998419309024,51
CNA_Subtype_Chr12p13_amp,1.4472064903889772,51
CNA_Subtype_Chr13q34_amp,1.3705606766169862,51
CNA_Subtype_Chr20q13_amp,1.4801893360337115,51
CNA_Subtype_Low_CIN,2.034943033548113,51
pr3004_huwe1,1.111387425665451,51
pr9001_cald1,1.102760012405546,51
pr12191_tank,1.094421669148024,51
pr19936_tpm4,1.0823111317571308,51
pr41492_ftx,1.1808785084087627,51
const,16.106079445486042,52
Size_cm,1.0521495090882096,52
Ki67,1.1602338002458772,52
Age_at_surgery,1.0684169795836895,52
CNA_Subtype_Chr8p21_del,1.5214572951025027,52
CNA_Subtype_Chr9p23_amp,1.5578024751636792,52
CNA_Subtype_Chr12p13_amp,1.6026810189456624,52
CNA_Subtype_Chr13q34_amp,1.4306017908637174,52
CNA_Subtype_Chr20q13_amp,1.4231958435372498,52
CNA_Subtype_Low_CIN,2.015347021882792,52
pr3004_huwe1,1.113157644371655,52
pr9001_cald1,1.1430524984208164,52
pr12191_tank,1.1306540120480046,52
pr19936_tpm4,1.087841631608276,52
pr41492_ftx,1.1477323113382292,52
const,16.943568130720504,53
Size_cm,1.0436697521398013,53
Ki67,1.134497707351958,53
Age_at_surgery,1.0703604216130085,53
CNA_Subtype_Chr8p21_del,1.778176264769228,53
CNA_Subtype_Chr9p23_amp,1.6279751460376413,53
CNA_Subtype_Chr12p13_amp,1.721194164464478,53
CNA_Subtype_Chr13q34_amp,1.412007851301576,53
CNA_Subtype_Chr20q13_amp,1.3834892670948538,53
CNA_Subtype_Low_CIN,2.295353729994057,53
pr3004_huwe1,1.0954283769117923,53
pr9001_cald1,1.073058293536285,53
pr12191_tank,1.1281113020105418,53
pr19936_tpm4,1.1499615356770037,53
pr41492_ftx,1.1463125312255482,53
const,16.53547744127525,54
Size_cm,1.0445728082374193,54
Ki67,1.086435781828236,54
Age_at_surgery,1.066254693049821,54
CNA_Subtype_Chr8p21_del,1.6482604560812095,54
CNA_Subtype_Chr9p23_amp,1.519234532566483,54
CNA_Subtype_Chr12p13_amp,1.6047775598434522,54
CNA_Subtype_Chr13q34_amp,1.3396581769658324,54
CNA_Subtype_Chr20q13_amp,1.429701923097498,54
CNA_Subtype_Low_CIN,2.081145389524859,54
pr3004_huwe1,1.0980351843819218,54
pr9001_cald1,1.1098531938216758,54
pr12191_tank,1.0673580680418122,54
pr19936_tpm4,1.1038099609457863,54
pr41492_ftx,1.1094550801114746,54
const,15.818692994388387,55
Size_cm,1.0607605979156465,55
Ki67,1.15658081782199,55
Age_at_surgery,1.0654073023748674,55
CNA_Subtype_Chr8p21_del,1.65390186757672,55
CNA_Subtype_Chr9p23_amp,1.5009852767979344,55
CNA_Subtype_Chr12p13_amp,1.6273389357529386,55
CNA_Subtype_Chr13q34_amp,1.4464483408033462,55
CNA_Subtype_Chr20q13_amp,1.474012313880913,55
CNA_Subtype_Low_CIN,2.129302401546836,55
pr3004_huwe1,1.1369752100513812,55
pr9001_cald1,1.140936914243109,55
pr12191_tank,1.0523121129807538,55
pr19936_tpm4,1.1118861957711752,55
pr41492_ftx,1.1534568953714717,55
const,16.01152654267378,56
Size_cm,1.0654333324912242,56
Ki67,1.1543960338629249,56
Age_at_surgery,1.0863052964491011,56
CNA_Subtype_Chr8p21_del,1.6223679569246374,56
CNA_Subtype_Chr9p23_amp,1.6245847949361545,56
CNA_Subtype_Chr12p13_amp,1.412694202864656,56
CNA_Subtype_Chr13q34_amp,1.384484665404598,56
CNA_Subtype_Chr20q13_amp,1.5025571087843834,56
CNA_Subtype_Low_CIN,2.095255311539763,56
pr3004_huwe1,1.1376946265985608,56
pr9001_cald1,1.105976425693448,56
pr12191_tank,1.100661564217799,56
pr19936_tpm4,1.1031545928670063,56
pr41492_ftx,1.200518666370922,56
const,16.19001198557423,57
Size_cm,1.055733876345197,57
Ki67,1.127153562721409,57
Age_at_surgery,1.0973940906944006,57
CNA_Subtype_Chr8p21_del,1.7260648082798036,57
CNA_Subtype_Chr9p23_amp,1.6345700178107676,57
CNA_Subtype_Chr12p13_amp,1.691159566393001,57
CNA_Subtype_Chr13q34_amp,1.4279361923066902,57
CNA_Subtype_Chr20q13_amp,1.4076446643404463,57
CNA_Subtype_Low_CIN,2.258972518239837,57
pr3004_huwe1,1.1372453928507984,57
pr9001_cald1,1.116109091407114,57
pr12191_tank,1.0940574259317013,57
pr19936_tpm4,1.072743591458318,57
pr41492_ftx,1.1155123086705885,57
const,16.30177518490951,58
Size_cm,1.0523897134705988,58
Ki67,1.14606252988818,58
Age_at_surgery,1.069846689591984,58
CNA_Subtype_Chr8p21_del,1.5388108758873844,58
CNA_Subtype_Chr9p23_amp,1.5390039749641855,58
CNA_Subtype_Chr12p13_amp,1.601084389806742,58
CNA_Subtype_Chr13q34_amp,1.2459466759623072,58
CNA_Subtype_Chr20q13_amp,1.3670156010913406,58
CNA_Subtype_Low_CIN,2.0118920353025613,58
pr3004_huwe1,1.0987446435432484,58
pr9001_cald1,1.0987582284346724,58
pr12191_tank,1.1636522724568226,58
pr19936_tpm4,1.1110941627568431,58
pr41492_ftx,1.18696336595775,58
const,16.32442605015632,59
Size_cm,1.0680726788940689,59
Ki67,1.151834172724974,59
Age_at_surgery,1.101616106752876,59
CNA_Subtype_Chr8p21_del,1.5571646052498316,59
CNA_Subtype_Chr9p23_amp,1.5872058097583897,59
CNA_Subtype_Chr12p13_amp,1.554183827943708,59
CNA_Subtype_Chr13q34_amp,1.283700994444776,59
CNA_Subtype_Chr20q13_amp,1.4314017450044394,59
CNA_Subtype_Low_CIN,2.070086855516514,59
pr3004_huwe1,1.1403638058737362,59
pr9001_cald1,1.1300528517292028,59
pr12191_tank,1.0692013610886284,59
pr19936_tpm4,1.0824798135523133,59
pr41492_ftx,1.152821047314038,59
const,16.824772071062917,60
Size_cm,1.05091471488182,60
Ki67,1.185574137866196,60
Age_at_surgery,1.1309867450691709,60
CNA_Subtype_Chr8p21_del,1.532603755305698,60
CNA_Subtype_Chr9p23_amp,1.5549463576753169,60
CNA_Subtype_Chr12p13_amp,1.6422424583630593,60
CNA_Subtype_Chr13q34_amp,1.3598366219782774,60
CNA_Subtype_Chr20q13_amp,1.382369848388446,60
CNA_Subtype_Low_CIN,2.050382521909676,60
pr3004_huwe1,1.1323819438828135,60
pr9001_cald1,1.094925404822116,60
pr12191_tank,1.1077648577860026,60
pr19936_tpm4,1.1182712831967685,60
pr41492_ftx,1.1648248144493014,60
const,15.549364466658554,61
Size_cm,1.0484198892813228,61
Ki67,1.155971895076597,61
Age_at_surgery,1.0462151629026093,61
CNA_Subtype_Chr8p21_del,1.55911713445501,61
CNA_Subtype_Chr9p23_amp,1.5565987478126626,61
CNA_Subtype_Chr12p13_amp,1.5177085327286688,61
CNA_Subtype_Chr13q34_amp,1.3877532248043858,61
CNA_Subtype_Chr20q13_amp,1.4167029968715803,61
CNA_Subtype_Low_CIN,2.012441622958132,61
pr3004_huwe1,1.112837834846227,61
pr9001_cald1,1.0864184024603714,61
pr12191_tank,1.0776092671903217,61
pr19936_tpm4,1.0999412722047333,61
pr41492_ftx,1.1469260597318387,61
const,16.190810061379604,62
Size_cm,1.0343098022565806,62
Ki67,1.1362516167196373,62
Age_at_surgery,1.0622952339581138,62
CNA_Subtype_Chr8p21_del,1.5863564890788977,62
CNA_Subtype_Chr9p23_amp,1.5696598111339244,62
CNA_Subtype_Chr12p13_amp,1.5778612280033073,62
CNA_Subtype_Chr13q34_amp,1.316359515036424,62
CNA_Subtype_Chr20q13_amp,1.4186363963575686,62
CNA_Subtype_Low_CIN,2.0909853936761404,62
pr3004_huwe1,1.105015751509732,62
pr9001_cald1,1.0731550637225746,62
pr12191_tank,1.0674030118302895,62
pr19936_tpm4,1.078340342318637,62
pr41492_ftx,1.150183041432999,62
const,15.15520230424752,63
Size_cm,1.063804436383855,63
Ki67,1.1524207725219424,63
Age_at_surgery,1.062869338838074,63
CNA_Subtype_Chr8p21_del,1.6423449757785114,63
CNA_Subtype_Chr9p23_amp,1.4906457603791836,63
CNA_Subtype_Chr12p13_amp,1.688056498355044,63
CNA_Subtype_Chr13q34_amp,1.2870621125201445,63
CNA_Subtype_Chr20q13_amp,1.3640208693564686,63
CNA_Subtype_Low_CIN,2.0774620993044017,63
pr3004_huwe1,1.130154850219064,63
pr9001_cald1,1.1204255535192031,63
pr12191_tank,1.1397193276220905,63
pr19936_tpm4,1.0858967272662885,63
pr41492_ftx,1.1781436524029003,63
const,14.791821227940709,64
Size_cm,1.0525833706898504,64
Ki67,1.1216607620684254,64
Age_at_surgery,1.0491362473885806,64
CNA_Subtype_Chr8p21_del,1.5945380279579122,64
CNA_Subtype_Chr9p23_amp,1.5068146957158832,64
CNA_Subtype_Chr12p13_amp,1.538186942531474,64
CNA_Subtype_Chr13q34_amp,1.316701806801448,64
CNA_Subtype_Chr20q13_amp,1.3808191192874952,64
CNA_Subtype_Low_CIN,2.023399448356197,64
pr3004_huwe1,1.1078542162879574,64
pr9001_cald1,1.1239876209185056,64
pr12191_tank,1.0698014032029604,64
pr19936_tpm4,1.0532228524660314,64
pr41492_ftx,1.1722930584863578,64
const,16.852804146312195,65
Size_cm,1.0382764100476505,65
Ki67,1.1385972688167552,65
Age_at_surgery,1.0445463098474546,65
CNA_Subtype_Chr8p21_del,1.5531671115454384,65
CNA_Subtype_Chr9p23_amp,1.573038639433546,65
CNA_Subtype_Chr12p13_amp,1.601698749045095,65
CNA_Subtype_Chr13q34_amp,1.43291133526029,65
CNA_Subtype_Chr20q13_amp,1.4679205282678176,65
CNA_Subtype_Low_CIN,2.093304809458415,65
pr3004_huwe1,1.109764784674563,65
pr9001_cald1,1.11554379508308,65
pr12191_tank,1.1077990262339448,65
pr19936_tpm4,1.0748686635143296,65
pr41492_ftx,1.1479825943818525,65
const,16.435667994021294,66
Size_cm,1.0519620895009434,66
Ki67,1.1405018586499485,66
Age_at_surgery,1.0346195312400728,66
CNA_Subtype_Chr8p21_del,1.5594149030331574,66
CNA_Subtype_Chr9p23_amp,1.5708498326884854,66
CNA_Subtype_Chr12p13_amp,1.587706137946817,66
CNA_Subtype_Chr13q34_amp,1.3162968529501409,66
CNA_Subtype_Chr20q13_amp,1.3757345136562655,66
CNA_Subtype_Low_CIN,2.048095673815297,66
pr3004_huwe1,1.0794750811538452,66
pr9001_cald1,1.1088173525081095,66
pr12191_tank,1.0543572858176924,66
pr19936_tpm4,1.0775979759574246,66
pr41492_ftx,1.0952607461580772,66
const,16.67683018590032,67
Size_cm,1.0407999139418211,67
Ki67,1.178360153740699,67
Age_at_surgery,1.0334804282148031,67
CNA_Subtype_Chr8p21_del,1.72964523279757,67
CNA_Subtype_Chr9p23_amp,1.716437578158393,67
CNA_Subtype_Chr12p13_amp,1.7695906141063735,67
CNA_Subtype_Chr13q34_amp,1.5820305409460724,67
CNA_Subtype_Chr20q13_amp,1.4898939818036363,67
CNA_Subtype_Low_CIN,2.359377465102204,67
pr3004_huwe1,1.0837148931154,67
pr9001_cald1,1.0894712713751795,67
pr12191_tank,1.1006495679322097,67
pr19936_tpm4,1.095222570344788,67
pr41492_ftx,1.119074736168403,67
const,16.410942931710167,68
Size_cm,1.0252787856549042,68
Ki67,1.1134895256985589,68
Age_at_surgery,1.0752605946608014,68
CNA_Subtype_Chr8p21_del,1.6726796072729324,68
CNA_Subtype_Chr9p23_amp,1.5532324269398745,68
CNA_Subtype_Chr12p13_amp,1.6666648935422357,68
CNA_Subtype_Chr13q34_amp,1.3036787341853864,68
CNA_Subtype_Chr20q13_amp,1.4114873936179386,68
CNA_Subtype_Low_CIN,2.105951007146391,68
pr3004_huwe1,1.1091324465791284,68
pr9001_cald1,1.0782331169419843,68
pr12191_tank,1.085543531947068,68
pr19936_tpm4,1.1048089554811036,68
pr41492_ftx,1.1672150954074507,68
const,14.88016517367898,69
Size_cm,1.0480623607367974,69
Ki67,1.1420759998709764,69
Age_at_surgery,1.0506288426713997,69
CNA_Subtype_Chr8p21_del,1.6482549713332186,69
CNA_Subtype_Chr9p23_amp,1.6706380043610891,69
CNA_Subtype_Chr12p13_amp,1.7144325797768007,69
CNA_Subtype_Chr13q34_amp,1.3140330530822228,69
CNA_Subtype_Chr20q13_amp,1.365093599748554,69
CNA_Subtype_Low_CIN,2.127154224425531,69
pr3004_huwe1,1.090466902451214,69
pr9001_cald1,1.0958313847368455,69
pr12191_tank,1.13500005809969,69
pr19936_tpm4,1.0822619682189818,69
pr41492_ftx,1.1434239793500254,69
const,16.844144543438485,70
Size_cm,1.045096244632746,70
Ki67,1.147812481553077,70
Age_at_surgery,1.0868618704837756,70
CNA_Subtype_Chr8p21_del,1.675353643607399,70
CNA_Subtype_Chr9p23_amp,1.6434119303742036,70
CNA_Subtype_Chr12p13_amp,1.666608748596816,70
CNA_Subtype_Chr13q34_amp,1.447518186196751,70
CNA_Subtype_Chr20q13_amp,1.4147674970836208,70
CNA_Subtype_Low_CIN,2.180756321763319,70
pr3004_huwe1,1.127863363943188,70
pr9001_cald1,1.1119087513318435,70
pr12191_tank,1.0600586630115392,70
pr19936_tpm4,1.1004151491497256,70
pr41492_ftx,1.1489763909133952,70
const,18.045126911349968,71
Size_cm,1.0164108126714164,71
Ki67,1.1651055687824812,71
Age_at_surgery,1.0769644556213136,71
CNA_Subtype_Chr8p21_del,1.6807495610679215,71
CNA_Subtype_Chr9p23_amp,1.6644866681321937,71
CNA_Subtype_Chr12p13_amp,1.662145725434653,71
CNA_Subtype_Chr13q34_amp,1.4059025528498994,71
CNA_Subtype_Chr20q13_amp,1.4105788229579743,71
CNA_Subtype_Low_CIN,2.1740199592087186,71
pr3004_huwe1,1.118353966476607,71
pr9001_cald1,1.0899155084988854,71
pr12191_tank,1.1217852138934232,71
pr19936_tpm4,1.088893792302083,71
pr41492_ftx,1.1240870124492972,71
const,15.56594101114474,72
Size_cm,1.048522912986093,72
Ki67,1.131168303791262,72
Age_at_surgery,1.0526995451467962,72
CNA_Subtype_Chr8p21_del,1.6133808558067029,72
CNA_Subtype_Chr9p23_amp,1.568239366132175,72
CNA_Subtype_Chr12p13_amp,1.6128818542610706,72
CNA_Subtype_Chr13q34_amp,1.420817776149805,72
CNA_Subtype_Chr20q13_amp,1.440417421121048,72
CNA_Subtype_Low_CIN,2.0847738364869417,72
pr3004_huwe1,1.125195481707377,72
pr9001_cald1,1.110064483661913,72
pr12191_tank,1.0964552308207547,72
pr19936_tpm4,1.1155361792783476,72
pr41492_ftx,1.1705120444375847,72
const,16.514989958988792,73
Size_cm,1.053759840680862,73
Ki67,1.121216683672501,73
Age_at_surgery,1.054606610576776,73
CNA_Subtype_Chr8p21_del,1.5847331517714287,73
CNA_Subtype_Chr9p23_amp,1.5414466800754845,73
CNA_Subtype_Chr12p13_amp,1.5442349255651668,73
CNA_Subtype_Chr13q34_amp,1.2647930041758624,73
CNA_Subtype_Chr20q13_amp,1.3097161275391656,73
CNA_Subtype_Low_CIN,1.928039895915123,73
pr3004_huwe1,1.099417388294522,73
pr9001_cald1,1.1332350830407982,73
pr12191_tank,1.0946308281699644,73
pr19936_tpm4,1.102794267464583,73
pr41492_ftx,1.2055993173664543,73
const,15.49691649736986,74
Size_cm,1.0597145104927297,74
Ki67,1.148848089069514,74
Age_at_surgery,1.0634664478404303,74
CNA_Subtype_Chr8p21_del,1.5545051571694757,74
CNA_Subtype_Chr9p23_amp,1.5164375940524442,74
CNA_Subtype_Chr12p13_amp,1.5784834887109014,74
CNA_Subtype_Chr13q34_amp,1.3331867805832915,74
CNA_Subtype_Chr20q13_amp,1.3918662757294036,74
CNA_Subtype_Low_CIN,1.962387623721613,74
pr3004_huwe1,1.1882352651099084,74
pr9001_cald1,1.0854745996051525,74
pr12191_tank,1.0863613763691615,74
pr19936_tpm4,1.0501590577969413,74
pr41492_ftx,1.1955103613627425,74
const,15.981343913221265,75
Size_cm,1.0463587613781338,75
Ki67,1.1896312616127465,75
Age_at_surgery,1.0619775816609247,75
CNA_Subtype_Chr8p21_del,1.692799487473864,75
CNA_Subtype_Chr9p23_amp,1.5587397074910612,75
CNA_Subtype_Chr12p13_amp,1.6853404742746612,75
CNA_Subtype_Chr13q34_amp,1.4206845349596893,75
CNA_Subtype_Chr20q13_amp,1.4202481386423944,75
CNA_Subtype_Low_CIN,2.2302627489444715,75
pr3004_huwe1,1.1176161311770525,75
pr9001_cald1,1.1287247717328877,75
pr12191_tank,1.1267913211505869,75
pr19936_tpm4,1.1199952333868417,75
pr41492_ftx,1.1859564167455356,75
const,17.28605011854175,76
Size_cm,1.0642576282865723,76
Ki67,1.131164494705463,76
Age_at_surgery,1.0856704938235533,76
CNA_Subtype_Chr8p21_del,1.7083118477635144,76
CNA_Subtype_Chr9p23_amp,1.733834415370379,76
CNA_Subtype_Chr12p13_amp,1.756030722245158,76
CNA_Subtype_Chr13q34_amp,1.414985647090022,76
CNA_Subtype_Chr20q13_amp,1.4679241627293642,76
CNA_Subtype_Low_CIN,2.3615232482591213,76
pr3004_huwe1,1.1181954936922105,76
pr9001_cald1,1.0880369283775064,76
pr12191_tank,1.0911200237732142,76
pr19936_tpm4,1.067979664728386,76
pr41492_ftx,1.185428433298479,76
const,16.043755241539778,77
Size_cm,1.0452291839556618,77
Ki67,1.1488173573987954,77
Age_at_surgery,1.0459883558642578,77
CNA_Subtype_Chr8p21_del,1.5791266467902256,77
CNA_Subtype_Chr9p23_amp,1.5467136200390716,77
CNA_Subtype_Chr12p13_amp,1.5696095779459942,77
CNA_Subtype_Chr13q34_amp,1.365055843835148,77
CNA_Subtype_Chr20q13_amp,1.4030710716956312,77
CNA_Subtype_Low_CIN,2.0407423152004176,77
pr3004_huwe1,1.105929726498536,77
pr9001_cald1,1.1362648251700935,77
pr12191_tank,1.1168831834593362,77
pr19936_tpm4,1.1225432174837866,77
pr41492_ftx,1.187533345337357,77
const,15.3226879093269,78
Size_cm,1.0624494971852108,78
Ki67,1.1464068830073773,78
Age_at_surgery,1.058075942814546,78
CNA_Subtype_Chr8p21_del,1.5247796726697205,78
CNA_Subtype_Chr9p23_amp,1.6020737721418712,78
CNA_Subtype_Chr12p13_amp,1.5685184893551805,78
CNA_Subtype_Chr13q34_amp,1.2716017049414925,78
CNA_Subtype_Chr20q13_amp,1.4205590260882208,78
CNA_Subtype_Low_CIN,2.0470706289871385,78
pr3004_huwe1,1.0713577216717909,78
pr9001_cald1,1.0882540063116737,78
pr12191_tank,1.1029920508626485,78
pr19936_tpm4,1.0728798994341335,78
pr41492_ftx,1.1510808092212963,78
const,15.23639026305407,79
Size_cm,1.0245920166190656,79
Ki67,1.1618075482888957,79
Age_at_surgery,1.068117200934101,79
CNA_Subtype_Chr8p21_del,1.50461174877838,79
CNA_Subtype_Chr9p23_amp,1.6054903884084486,79
CNA_Subtype_Chr12p13_amp,1.6215204476445364,79
CNA_Subtype_Chr13q34_amp,1.3864052007996353,79
CNA_Subtype_Chr20q13_amp,1.3187792002233407,79
CNA_Subtype_Low_CIN,2.0644168178324027,79
pr3004_huwe1,1.110224598151698,79
pr9001_cald1,1.1047265878155097,79
pr12191_tank,1.1065364369326798,79
pr19936_tpm4,1.0547207581566067,79
pr41492_ftx,1.171741963321388,79
const,15.512056627789413,80
Size_cm,1.0298318560108652,80
Ki67,1.1719659961324291,80
Age_at_surgery,1.0472957183447873,80
CNA_Subtype_Chr8p21_del,1.5478499528835403,80
CNA_Subtype_Chr9p23_amp,1.4512695488255152,80
CNA_Subtype_Chr12p13_amp,1.5309338586266603,80
CNA_Subtype_Chr13q34_amp,1.3572285638145247,80
CNA_Subtype_Chr20q13_amp,1.4156135550980202,80
CNA_Subtype_Low_CIN,1.9983826894004064,80
pr3004_huwe1,1.1090233649751655,80
pr9001_cald1,1.1332926476894312,80
pr12191_tank,1.100167168442227,80
pr19936_tpm4,1.0941842466885092,80
pr41492_ftx,1.1394261963611318,80
const,16.071236754580855,81
Size_cm,1.0457082747795068,81
Ki67,1.1408375782158893,81
Age_at_surgery,1.0481539003140372,81
CNA_Subtype_Chr8p21_del,1.6213869161845489,81
CNA_Subtype_Chr9p23_amp,1.6086459329463825,81
CNA_Subtype_Chr12p13_amp,1.633484339139654,81
CNA_Subtype_Chr13q34_amp,1.334178853257448,81
CNA_Subtype_Chr20q13_amp,1.3750869293190553,81
CNA_Subtype_Low_CIN,1.9997730743821391,81
pr3004_huwe1,1.0836453043045708,81
pr9001_cald1,1.0999705796192232,81
pr12191_tank,1.1091079079596642,81
pr19936_tpm4,1.070274771971152,81
pr41492_ftx,1.1665915039411858,81
const,15.699266622812733,82
Size_cm,1.060659166857686,82
Ki67,1.1376307333872446,82
Age_at_surgery,1.0479804563520854,82
CNA_Subtype_Chr8p21_del,1.5880406071182942,82
CNA_Subtype_Chr9p23_amp,1.5146688977444964,82
CNA_Subtype_Chr12p13_amp,1.5796586073609444,82
CNA_Subtype_Chr13q34_amp,1.3610043369953184,82
CNA_Subtype_Chr20q13_amp,1.366028443550051,82
CNA_Subtype_Low_CIN,2.030571845109609,82
pr3004_huwe1,1.1484610517368188,82
pr9001_cald1,1.1087937664816778,82
pr12191_tank,1.1092630875845038,82
pr19936_tpm4,1.0724144514873069,82
pr41492_ftx,1.191332627668736,82
const,17.12779737684335,83
Size_cm,1.0269669590606154,83
Ki67,1.146109904189122,83
Age_at_surgery,1.053833110263684,83
CNA_Subtype_Chr8p21_del,1.5745681275066077,83
CNA_Subtype_Chr9p23_amp,1.5377329541499722,83
CNA_Subtype_Chr12p13_amp,1.6532756564952675,83
CNA_Subtype_Chr13q34_amp,1.3968325897885032,83
CNA_Subtype_Chr20q13_amp,1.4098325236666278,83
CNA_Subtype_Low_CIN,2.172505757012253,83
pr3004_huwe1,1.116978318263926,83
pr9001_cald1,1.1219159144516382,83
pr12191_tank,1.082483303001445,83
pr19936_tpm4,1.0753591479095406,83
pr41492_ftx,1.136644672389174,83
const,15.772405081071406,84
Size_cm,1.0456037653969266,84
Ki67,1.1900201304643356,84
Age_at_surgery,1.068215037466113,84
CNA_Subtype_Chr8p21_del,1.6866911975076888,84
CNA_Subtype_Chr9p23_amp,1.5779277351695986,84
CNA_Subtype_Chr12p13_amp,1.722706871068468,84
CNA_Subtype_Chr13q34_amp,1.390591780868063,84
CNA_Subtype_Chr20q13_amp,1.4900545957030669,84
CNA_Subtype_Low_CIN,2.17360026221432,84
pr3004_huwe1,1.0919243689908391,84
pr9001_cald1,1.0860825971808197,84
pr12191_tank,1.1165229835847288,84
pr19936_tpm4,1.0967124512801267,84
pr41492_ftx,1.1191104006423835,84
const,17.575843710115926,85
Size_cm,1.046525701266764,85
Ki67,1.1238581860065868,85
Age_at_surgery,1.0619885751842917,85
CNA_Subtype_Chr8p21_del,1.753000929413853,85
CNA_Subtype_Chr9p23_amp,1.6422991443036623,85
CNA_Subtype_Chr12p13_amp,1.8487058243547767,85
CNA_Subtype_Chr13q34_amp,1.3573847334432283,85
CNA_Subtype_Chr20q13_amp,1.551830142491246,85
CNA_Subtype_Low_CIN,2.378182394178773,85
pr3004_huwe1,1.0794366843358263,85
pr9001_cald1,1.0562772808503098,85
pr12191_tank,1.0626066593682135,85
pr19936_tpm4,1.0639651032321562,85
pr41492_ftx,1.1410279643608028,85
const,16.682234364669227,86
Size_cm,1.0503990059352797,86
Ki67,1.138771583053461,86
Age_at_surgery,1.042823509254445,86
CNA_Subtype_Chr8p21_del,1.6987391023695706,86
CNA_Subtype_Chr9p23_amp,1.6517667016594746,86
CNA_Subtype_Chr12p13_amp,1.7568016953076149,86
CNA_Subtype_Chr13q34_amp,1.4468470610041302,86
CNA_Subtype_Chr20q13_amp,1.4812920521828945,86
CNA_Subtype_Low_CIN,2.2949116995897905,86
pr3004_huwe1,1.085941796364453,86
pr9001_cald1,1.0558241309023138,86
pr12191_tank,1.1287324514874923,86
pr19936_tpm4,1.0554277811736337,86
pr41492_ftx,1.1695260234681466,86
const,15.43656667717775,87
Size_cm,1.0353808127608963,87
Ki67,1.18861539840936,87
Age_at_surgery,1.043424322463549,87
CNA_Subtype_Chr8p21_del,1.4610563644477528,87
CNA_Subtype_Chr9p23_amp,1.504707642537634,87
CNA_Subtype_Chr12p13_amp,1.5683218990851082,87
CNA_Subtype_Chr13q34_amp,1.294574446543593,87
CNA_Subtype_Chr20q13_amp,1.3739867665049263,87
CNA_Subtype_Low_CIN,1.9185954465419128,87
pr3004_huwe1,1.064677679420935,87
pr9001_cald1,1.1040932472886331,87
pr12191_tank,1.100789195864624,87
pr19936_tpm4,1.0887236278857853,87
pr41492_ftx,1.1441996167673454,87
const,15.33065287184368,88
Size_cm,1.0589622944549515,88
Ki67,1.2397686801761194,88
Age_at_surgery,1.0477702033477114,88
CNA_Subtype_Chr8p21_del,1.7037394871067346,88
CNA_Subtype_Chr9p23_amp,1.7286179571948377,88
CNA_Subtype_Chr12p13_amp,1.7285537095008052,88
CNA_Subtype_Chr13q34_amp,1.4649865550045011,88
CNA_Subtype_Chr20q13_amp,1.5044838955398283,88
CNA_Subtype_Low_CIN,2.30115371836842,88
pr3004_huwe1,1.1232712034759036,88
pr9001_cald1,1.1192341828344108,88
pr12191_tank,1.130256054122834,88
pr19936_tpm4,1.0932219179589249,88
pr41492_ftx,1.192295881819965,88
const,15.759873992064245,89
Size_cm,1.0319145623728567,89
Ki67,1.1261877094601318,89
Age_at_surgery,1.0377951666556164,89
CNA_Subtype_Chr8p21_del,1.6164955560619534,89
CNA_Subtype_Chr9p23_amp,1.5348116917260397,89
CNA_Subtype_Chr12p13_amp,1.5957527594213865,89
CNA_Subtype_Chr13q34_amp,1.432912017219117,89
CNA_Subtype_Chr20q13_amp,1.4567704790549325,89
CNA_Subtype_Low_CIN,2.112791868995329,89
pr3004_huwe1,1.0875287443524404,89
pr9001_cald1,1.102823001779092,89
pr12191_tank,1.09011664546489,89
pr19936_tpm4,1.0583787431542686,89
pr41492_ftx,1.107662221968038,89
const,17.531737492689665,90
Size_cm,1.0713804616754292,90
Ki67,1.137894289537761,90
Age_at_surgery,1.0510382251271035,90
CNA_Subtype_Chr8p21_del,1.7262810532487574,90
CNA_Subtype_Chr9p23_amp,1.7498333989854231,90
CNA_Subtype_Chr12p13_amp,1.8653762181759903,90
CNA_Subtype_Chr13q34_amp,1.400119653405699,90
CNA_Subtype_Chr20q13_amp,1.5427900121066953,90
CNA_Subtype_Low_CIN,2.3523294866512434,90
pr3004_huwe1,1.1405075771543522,90
pr9001_cald1,1.1123257479309347,90
pr12191_tank,1.0750713814909303,90
pr19936_tpm4,1.0961779939953251,90
pr41492_ftx,1.1587380227149957,90
const,18.56105321542476,91
Size_cm,1.0588959766077997,91
Ki67,1.1118266541545396,91
Age_at_surgery,1.038833393894023,91
CNA_Subtype_Chr8p21_del,1.596540966345304,91
CNA_Subtype_Chr9p23_amp,1.587085909151975,91
CNA_Subtype_Chr12p13_amp,1.5898192082800344,91
CNA_Subtype_Chr13q34_amp,1.3920239465130126,91
CNA_Subtype_Chr20q13_amp,1.4247253472346348,91
CNA_Subtype_Low_CIN,2.105133535164468,91
pr3004_huwe1,1.10506622906691,91
pr9001_cald1,1.1429671663022207,91
pr12191_tank,1.072454019222425,91
pr19936_tpm4,1.1120792990802957,91
pr41492_ftx,1.1163443003244249,91
const,16.61370389809046,92
Size_cm,1.0577246837593848,92
Ki67,1.1386930365417849,92
Age_at_surgery,1.0486641155891925,92
CNA_Subtype_Chr8p21_del,1.4763583365178494,92
CNA_Subtype_Chr9p23_amp,1.4580490682079563,92
CNA_Subtype_Chr12p13_amp,1.4901994251921489,92
CNA_Subtype_Chr13q34_amp,1.3395469385644343,92
CNA_Subtype_Chr20q13_amp,1.3278490091785269,92
CNA_Subtype_Low_CIN,1.804544446442447,92
pr3004_huwe1,1.0717744897714745,92
pr9001_cald1,1.0770276599630455,92
pr12191_tank,1.0757920621156416,92
pr19936_tpm4,1.0885449029348389,92
pr41492_ftx,1.154958418013185,92
const,17.024088998511218,93
Size_cm,1.0561040086102678,93
Ki67,1.13872811834293,93
Age_at_surgery,1.0680037847966029,93
CNA_Subtype_Chr8p21_del,1.6772056105780162,93
CNA_Subtype_Chr9p23_amp,1.6963755624311263,93
CNA_Subtype_Chr12p13_amp,1.6749296586646532,93
CNA_Subtype_Chr13q34_amp,1.297141064254269,93
CNA_Subtype_Chr20q13_amp,1.5117075350718323,93
CNA_Subtype_Low_CIN,2.1780064553033283,93
pr3004_huwe1,1.1401678048802844,93
pr9001_cald1,1.1055211151104507,93
pr12191_tank,1.0737043709284555,93
pr19936_tpm4,1.0780657022641134,93
pr41492_ftx,1.1477443985808635,93
const,15.752904400875805,94
Size_cm,1.048268654622308,94
Ki67,1.1254453987411197,94
Age_at_surgery,1.0681380316715403,94
CNA_Subtype_Chr8p21_del,1.6382130798336187,94
CNA_Subtype_Chr9p23_amp,1.6009075820725651,94
CNA_Subtype_Chr12p13_amp,1.6135236359232892,94
CNA_Subtype_Chr13q34_amp,1.4420563093119874,94
CNA_Subtype_Chr20q13_amp,1.2875526045049874,94
CNA_Subtype_Low_CIN,2.1104970252478115,94
pr3004_huwe1,1.1426920629010582,94
pr9001_cald1,1.0741959884124186,94
pr12191_tank,1.107942412642762,94
pr19936_tpm4,1.1045021492045106,94
pr41492_ftx,1.153128619889194,94
const,16.800002406737466,95
Size_cm,1.0887732279914184,95
Ki67,1.165325667713621,95
Age_at_surgery,1.061820137721753,95
CNA_Subtype_Chr8p21_del,1.5454963986593129,95
CNA_Subtype_Chr9p23_amp,1.6043376481477578,95
CNA_Subtype_Chr12p13_amp,1.6667037412341623,95
CNA_Subtype_Chr13q34_amp,1.3923294502356651,95
CNA_Subtype_Chr20q13_amp,1.4951265289072528,95
CNA_Subtype_Low_CIN,2.1650919480042874,95
pr3004_huwe1,1.1424594081254436,95
pr9001_cald1,1.0994443992343348,95
pr12191_tank,1.0681310963149535,95
pr19936_tpm4,1.0626011554892718,95
pr41492_ftx,1.1432346839882068,95
const,17.671667881511187,96
Size_cm,1.0374910951592475,96
Ki67,1.0880120284468602,96
Age_at_surgery,1.0335318163568443,96
CNA_Subtype_Chr8p21_del,1.8106082045862144,96
CNA_Subtype_Chr9p23_amp,1.7355013734998557,96
CNA_Subtype_Chr12p13_amp,1.7779039815754676,96
CNA_Subtype_Chr13q34_amp,1.4605283612492153,96
CNA_Subtype_Chr20q13_amp,1.6243774151753383,96
CNA_Subtype_Low_CIN,2.333125294701221,96
pr3004_huwe1,1.1127691688751111,96
pr9001_cald1,1.0558591683980427,96
pr12191_tank,1.1038009688624768,96
pr19936_tpm4,1.0684576657487963,96
pr41492_ftx,1.1777238458013874,96
const,16.248993328104035,97
Size_cm,1.0553489835222756,97
Ki67,1.163026302481447,97
Age_at_surgery,1.0799320581323804,97
CNA_Subtype_Chr8p21_del,1.6550852469238198,97
CNA_Subtype_Chr9p23_amp,1.5754872482347495,97
CNA_Subtype_Chr12p13_amp,1.6204725265277589,97
CNA_Subtype_Chr13q34_amp,1.4947766334750292,97
CNA_Subtype_Chr20q13_amp,1.432063244927852,97
CNA_Subtype_Low_CIN,2.220699413201005,97
pr3004_huwe1,1.1047595590795527,97
pr9001_cald1,1.062954678297919,97
pr12191_tank,1.1026627116383496,97
pr19936_tpm4,1.127897320861607,97
pr41492_ftx,1.168405256863388,97
const,17.741507464187812,98
Size_cm,1.047494324924552,98
Ki67,1.156483279380548,98
Age_at_surgery,1.0616885017922064,98
CNA_Subtype_Chr8p21_del,1.7483067517124602,98
CNA_Subtype_Chr9p23_amp,1.6583983826004285,98
CNA_Subtype_Chr12p13_amp,1.7019643682061338,98
CNA_Subtype_Chr13q34_amp,1.4258485201313984,98
CNA_Subtype_Chr20q13_amp,1.5041457752332776,98
CNA_Subtype_Low_CIN,2.2033649455252284,98
pr3004_huwe1,1.1498717519655457,98
pr9001_cald1,1.1064002443173109,98
pr12191_tank,1.0800851644997218,98
pr19936_tpm4,1.0870959887055118,98
pr41492_ftx,1.175110148416967,98
const,15.928850066124294,99
Size_cm,1.0334673993327343,99
Ki67,1.1657588535443724,99
Age_at_surgery,1.0470725080712189,99
CNA_Subtype_Chr8p21_del,1.6431800204365072,99
CNA_Subtype_Chr9p23_amp,1.575948814636274,99
CNA_Subtype_Chr12p13_amp,1.654410037128976,99
CNA_Subtype_Chr13q34_amp,1.359206485966323,99
CNA_Subtype_Chr20q13_amp,1.4284788546991405,99
CNA_Subtype_Low_CIN,2.0836337268131877,99
pr3004_huwe1,1.1024654448297877,99
pr9001_cald1,1.1163784949020692,99
pr12191_tank,1.1144865456692388,99
pr19936_tpm4,1.0984100596371802,99
pr41492_ftx,1.174762443211676,99
const,17.37371076653724,100
Size_cm,1.0401953483156292,100
Ki67,1.1874404231131812,100
Age_at_surgery,1.0926655835248977,100
CNA_Subtype_Chr8p21_del,1.4784105321269454,100
CNA_Subtype_Chr9p23_amp,1.583144989327035,100
CNA_Subtype_Chr12p13_amp,1.5568558432329664,100
CNA_Subtype_Chr13q34_amp,1.3426073459168015,100
CNA_Subtype_Chr20q13_amp,1.3934728008871204,100
CNA_Subtype_Low_CIN,2.0014052285849067,100
pr3004_huwe1,1.1139413724366825,100
pr9001_cald1,1.1518783265738952,100
pr12191_tank,1.1106423764590232,100
pr19936_tpm4,1.0912956479433944,100
pr41492_ftx,1.1655228777523978,100
